year,original,renamed_to,status,note
2025-26,01.01.26_NLDC_PSP__2025_26.xls,2026-01-01_NLDC_PSP.xls,RENAMED,
2025-26,01.02.26_NLDC_PSP__2025_26.xls,2026-02-01_NLDC_PSP.xls,RENAMED,
2025-26,01.03.26_NLDC_PSP__2025_26.xls,2026-03-01_NLDC_PSP.xls,RENAMED,
2025-26,01.04.25_NLDC_PSP__2025_26.xls,2025-04-01_NLDC_PSP.xls,RENAMED,
2025-26,01.05.25_NLDC_PSP__2025_26.xls,2025-05-01_NLDC_PSP.xls,RENAMED,
2025-26,01.06.25_NLDC_PSP__2025_26.xls,2025-06-01_NLDC_PSP.xls,RENAMED,
2025-26,01.07.25_NLDC_PSP.xls__2025_26.xls,2025-07-01_NLDC_PSP.xls,RENAMED,
2025-26,01.08.25_NLDC_PSP.xls__2025_26.xls,2025-08-01_NLDC_PSP.xls,RENAMED,
2025-26,01.09.25_NLDC_PSP__2025_26.xls,2025-09-01_NLDC_PSP.xls,RENAMED,
2025-26,01.10.25_NLDC_PSP__2025_26.xls,2025-10-01_NLDC_PSP.xls,RENAMED,
2025-26,01.11.25_NLDC_PSP__2025_26.xls,2025-11-01_NLDC_PSP.xls,RENAMED,
2025-26,01.12.25_NLDC_PSP__2025_26.xls,2025-12-01_NLDC_PSP.xls,RENAMED,
2025-26,02.01.26_NLDC_PSP__2025_26.xls,2026-01-02_NLDC_PSP.xls,RENAMED,
2025-26,02.02.26_NLDC_PSP__2025_26.xls,2026-02-02_NLDC_PSP.xls,RENAMED,
2025-26,02.03.26_NLDC_PSP__2025_26.xls,2026-03-02_NLDC_PSP.xls,RENAMED,
2025-26,02.04.25_NLDC_PSP__2025_26.xls,2025-04-02_NLDC_PSP.xls,RENAMED,
2025-26,02.05.25_NLDC_PSP__2025_26.xls,2025-05-02_NLDC_PSP.xls,RENAMED,
2025-26,02.06.25_NLDC_PSP__2025_26.xls,2025-06-02_NLDC_PSP.xls,RENAMED,
2025-26,02.07.25_NLDC_PSP.xls__2025_26.xls,2025-07-02_NLDC_PSP.xls,RENAMED,
2025-26,02.08.25_NLDC_PSP.xls__2025_26.xls,2025-08-02_NLDC_PSP.xls,RENAMED,
2025-26,02.09.25_NLDC_PSP.xls__2025_26.xls,2025-09-02_NLDC_PSP.xls,RENAMED,
2025-26,02.11.25_NLDC_PSP__2025_26.xls,2025-11-02_NLDC_PSP.xls,RENAMED,
2025-26,02.12.25_NLDC_PSP__2025_26.xls,2025-12-02_NLDC_PSP.xls,RENAMED,
2025-26,03.01.26_NLDC_PSP__2025_26.xls,2026-01-03_NLDC_PSP.xls,RENAMED,
2025-26,03.02.26_NLDC_PSP__2025_26.xls,2026-02-03_NLDC_PSP.xls,RENAMED,
2025-26,03.03.26_NLDC_PSP__2025_26.xls,2026-03-03_NLDC_PSP.xls,RENAMED,
2025-26,03.04.25_NLDC_PSP__2025_26.xls,2025-04-03_NLDC_PSP.xls,RENAMED,
2025-26,03.05.25_NLDC_PSP__2025_26.xls,2025-05-03_NLDC_PSP.xls,RENAMED,
2025-26,03.06.25_NLDC_PSP__2025_26.xls,2025-06-03_NLDC_PSP.xls,RENAMED,
2025-26,03.07.25_NLDC_PSP__2025_26.xls,2025-07-03_NLDC_PSP.xls,RENAMED,
2025-26,03.08.25_NLDC_PSP.xls__2025_26.xls,2025-08-03_NLDC_PSP.xls,RENAMED,
2025-26,03.09.25_NLDC_PSP.xls__2025_26.xls,2025-09-03_NLDC_PSP.xls,RENAMED,
2025-26,03.10.25_NLDC_PSP__2025_26.xls,2025-10-03_NLDC_PSP.xls,RENAMED,
2025-26,03.11.25_NLDC_PSP__2025_26.xls,2025-11-03_NLDC_PSP.xls,RENAMED,
2025-26,03.12.25_NLDC_PSP__2025_26.xls,2025-12-03_NLDC_PSP.xls,RENAMED,
2025-26,04.01.26_NLDC_PSP__2025_26.xls,2026-01-04_NLDC_PSP.xls,RENAMED,
2025-26,04.02.26_NLDC_PSP__2025_26.xls,2026-02-04_NLDC_PSP.xls,RENAMED,
2025-26,04.03.26_NLDC_PSP__2025_26.xls,2026-03-04_NLDC_PSP.xls,RENAMED,
2025-26,04.04.25_NLDC_PSP__2025_26.xls,2025-04-04_NLDC_PSP.xls,RENAMED,
2025-26,04.05.25_NLDC_PSP__2025_26.xls,2025-05-04_NLDC_PSP.xls,RENAMED,
2025-26,04.06.25_NLDC_PSP__2025_26.xls,2025-06-04_NLDC_PSP.xls,RENAMED,
2025-26,04.07.25_NLDC_PSP__2025_26.xls,2025-07-04_NLDC_PSP.xls,RENAMED,
2025-26,04.08.25_NLDC_PSP.xls__2025_26.xls,2025-08-04_NLDC_PSP.xls,RENAMED,
2025-26,04.09.25_NLDC_PSP.xls__2025_26.xls,2025-09-04_NLDC_PSP.xls,RENAMED,
2025-26,04.10.25_NLDC_PSP__2025_26.xls,2025-10-04_NLDC_PSP.xls,RENAMED,
2025-26,04.11.25_NLDC_PSP__2025_26.xls,2025-11-04_NLDC_PSP.xls,RENAMED,
2025-26,04.12.25_NLDC_PSP__2025_26.xls,2025-12-04_NLDC_PSP.xls,RENAMED,
2025-26,05.01.26_NLDC_PSP__2025_26.xls,2026-01-05_NLDC_PSP.xls,RENAMED,
2025-26,05.02.26_NLDC_PSP__2025_26.xls,2026-02-05_NLDC_PSP.xls,RENAMED,
2025-26,05.03.26_NLDC_PSP__2025_26.xls,2026-03-05_NLDC_PSP.xls,RENAMED,
2025-26,05.04.25_NLDC_PSP__2025_26.xls,2025-04-05_NLDC_PSP.xls,RENAMED,
2025-26,05.05.25_NLDC_PSP__2025_26.xls,2025-05-05_NLDC_PSP.xls,RENAMED,
2025-26,05.06.25_NLDC_PSP__2025_26.xls,2025-06-05_NLDC_PSP.xls,RENAMED,
2025-26,05.07.25_NLDC_PSP__2025_26.xls,2025-07-05_NLDC_PSP.xls,RENAMED,
2025-26,05.08.25_NLDC_PSP.xls__2025_26.xls,2025-08-05_NLDC_PSP.xls,RENAMED,
2025-26,05.10.25_NLDC_PSP.xls__2025_26.xls,2025-10-05_NLDC_PSP.xls,RENAMED,
2025-26,05.11.25_NLDC_PSP__2025_26.xls,2025-11-05_NLDC_PSP.xls,RENAMED,
2025-26,05.12.25_NLDC_PSP__2025_26.xls,2025-12-05_NLDC_PSP.xls,RENAMED,
2025-26,06.01.26_NLDC_PSP__2025_26.xls,2026-01-06_NLDC_PSP.xls,RENAMED,
2025-26,06.02.26_NLDC_PSP__2025_26.xls,2026-02-06_NLDC_PSP.xls,RENAMED,
2025-26,06.03.26_NLDC_PSP__2025_26.xls,2026-03-06_NLDC_PSP.xls,RENAMED,
2025-26,06.04.25_NLDC_PSP__2025_26.xls,2025-04-06_NLDC_PSP.xls,RENAMED,
2025-26,06.05.25_NLDC_PSP__2025_26.xls,2025-05-06_NLDC_PSP.xls,RENAMED,
2025-26,06.06.25_NLDC_PSP__2025_26.xls,2025-06-06_NLDC_PSP.xls,RENAMED,
2025-26,06.07.25_NLDC_PSP__2025_26.xls,2025-07-06_NLDC_PSP.xls,RENAMED,
2025-26,06.08.25_NLDC_PSP__2025_26.xls,2025-08-06_NLDC_PSP.xls,RENAMED,
2025-26,06.10.25_NLDC_PSP.xls__2025_26.xls,2025-10-06_NLDC_PSP.xls,RENAMED,
2025-26,06.11.25_NLDC_PSP__2025_26.xls,2025-11-06_NLDC_PSP.xls,RENAMED,
2025-26,06.12.25_NLDC_PSP__2025_26.xls,2025-12-06_NLDC_PSP.xls,RENAMED,
2025-26,07.01.26_NLDC_PSP__2025_26.xls,2026-01-07_NLDC_PSP.xls,RENAMED,
2025-26,07.02.26_NLDC_PSP__2025_26.xls,2026-02-07_NLDC_PSP.xls,RENAMED,
2025-26,07.03.26_NLDC_PSP__2025_26.xls,2026-03-07_NLDC_PSP.xls,RENAMED,
2025-26,07.04.25_NLDC_PSP__2025_26.xls,2025-04-07_NLDC_PSP.xls,RENAMED,
2025-26,07.05.25_NLDC_PSP__2025_26.xls,2025-05-07_NLDC_PSP.xls,RENAMED,
2025-26,07.06.25_NLDC_PSP__2025_26.xls,2025-06-07_NLDC_PSP.xls,RENAMED,
2025-26,07.07.25_NLDC_PSP.xls__2025_26.xls,2025-07-07_NLDC_PSP.xls,RENAMED,
2025-26,07.08.25_NLDC_PSP__2025_26.xls,2025-08-07_NLDC_PSP.xls,RENAMED,
2025-26,07.09.25_NLDC_PSP.xls__2025_26.xls,2025-09-07_NLDC_PSP.xls,RENAMED,
2025-26,07.10.25_NLDC_PSP__2025_26.xls,2025-10-07_NLDC_PSP.xls,RENAMED,
2025-26,07.11.25_NLDC_PSP.xls__2025_26.xls,2025-11-07_NLDC_PSP.xls,RENAMED,
2025-26,07.12.25_NLDC_PSP__2025_26.xls,2025-12-07_NLDC_PSP.xls,RENAMED,
2025-26,08.01.26_NLDC_PSP__2025_26.xls,2026-01-08_NLDC_PSP.xls,RENAMED,
2025-26,08.02.26_NLDC_PSP__2025_26.xls,2026-02-08_NLDC_PSP.xls,RENAMED,
2025-26,08.03.26_NLDC_PSP__2025_26.xls,2026-03-08_NLDC_PSP.xls,RENAMED,
2025-26,08.04.25_NLDC_PSP__2025_26.xls,2025-04-08_NLDC_PSP.xls,RENAMED,
2025-26,08.05.25_NLDC_PSP__2025_26.xls,2025-05-08_NLDC_PSP.xls,RENAMED,
2025-26,08.06.25_NLDC_PSP__2025_26.xls,2025-06-08_NLDC_PSP.xls,RENAMED,
2025-26,08.07.25_NLDC_PSP.xls__2025_26.xls,2025-07-08_NLDC_PSP.xls,RENAMED,
2025-26,08.08.25_NLDC_PSP.xls__2025_26.xls,2025-08-08_NLDC_PSP.xls,RENAMED,
2025-26,08.09.25_NLDC_PSP__2025_26.xls,2025-09-08_NLDC_PSP.xls,RENAMED,
2025-26,08.10.25_NLDC_PSP__2025_26.xls,2025-10-08_NLDC_PSP.xls,RENAMED,
2025-26,08.11.25_NLDC_PSP__2025_26.xls,2025-11-08_NLDC_PSP.xls,RENAMED,
2025-26,08.12.25_NLDC_PSP__2025_26.xls,2025-12-08_NLDC_PSP.xls,RENAMED,
2025-26,09.01.26_NLDC_PSP__2025_26.xls,2026-01-09_NLDC_PSP.xls,RENAMED,
2025-26,09.02.26_NLDC_PSP__2025_26.xls,2026-02-09_NLDC_PSP.xls,RENAMED,
2025-26,09.03.26_NLDC_PSP__2025_26.xls,2026-03-09_NLDC_PSP.xls,RENAMED,
2025-26,09.04.25_NLDC_PSP__2025_26.xls,2025-04-09_NLDC_PSP.xls,RENAMED,
2025-26,09.05.25_NLDC_PSP__2025_26.xls,2025-05-09_NLDC_PSP.xls,RENAMED,
2025-26,09.06.25_NLDC_PSP__2025_26.xls,2025-06-09_NLDC_PSP.xls,RENAMED,
2025-26,09.07.25_NLDC_PSP.xls__2025_26.xls,2025-07-09_NLDC_PSP.xls,RENAMED,
2025-26,09.08.25_NLDC_PSP.xls__2025_26.xls,2025-08-09_NLDC_PSP.xls,RENAMED,
2025-26,09.10.25_NLDC_PSP__2025_26.xls,2025-10-09_NLDC_PSP.xls,RENAMED,
2025-26,09.11.25_NLDC_PSP__2025_26.xls,2025-11-09_NLDC_PSP.xls,RENAMED,
2025-26,09.12.25_NLDC_PSP.xls__2025_26.xls,2025-12-09_NLDC_PSP.xls,RENAMED,
2025-26,10.01.26_NLDC_PSP__2025_26.xls,2026-01-10_NLDC_PSP.xls,RENAMED,
2025-26,10.02.26_NLDC_PSP__2025_26.xls,2026-02-10_NLDC_PSP.xls,RENAMED,
2025-26,10.03.26_NLDC_PSP__2025_26.xls,2026-03-10_NLDC_PSP.xls,RENAMED,
2025-26,10.04.25_NLDC_PSP__2025_26.xls,2025-04-10_NLDC_PSP.xls,RENAMED,
2025-26,10.05.25_NLDC_PSP__2025_26.xls,2025-05-10_NLDC_PSP.xls,RENAMED,
2025-26,10.06.25_NLDC_PSP__2025_26.xls,2025-06-10_NLDC_PSP.xls,RENAMED,
2025-26,10.07.25_NLDC_PSP.xls__2025_26.xls,2025-07-10_NLDC_PSP.xls,RENAMED,
2025-26,10.09.25_NLDC_PSP.xls__2025_26.xls,2025-09-10_NLDC_PSP.xls,RENAMED,
2025-26,10.10.25_NLDC_PSP__2025_26.xls,2025-10-10_NLDC_PSP.xls,RENAMED,
2025-26,10.12.25_NLDC_PSP__2025_26.xls,2025-12-10_NLDC_PSP.xls,RENAMED,
2025-26,11.01.26_NLDC_PSP__2025_26.xls,2026-01-11_NLDC_PSP.xls,RENAMED,
2025-26,11.02.26_NLDC_PSP__2025_26.xls,2026-02-11_NLDC_PSP.xls,RENAMED,
2025-26,11.03.26_NLDC_PSP__2025_26.xls,2026-03-11_NLDC_PSP.xls,RENAMED,
2025-26,11.04.25_NLDC_PSP__2025_26.xls,2025-04-11_NLDC_PSP.xls,RENAMED,
2025-26,11.05.25_NLDC_PSP__2025_26.xls,2025-05-11_NLDC_PSP.xls,RENAMED,
2025-26,11.06.25_NLDC_PSP__2025_26.xls,2025-06-11_NLDC_PSP.xls,RENAMED,
2025-26,11.07.25_NLDC_PSP__2025_26.xls,2025-07-11_NLDC_PSP.xls,RENAMED,
2025-26,11.08.25_NLDC_PSP.xls__2025_26.xls,2025-08-11_NLDC_PSP.xls,RENAMED,
2025-26,11.09.25_NLDC_PSP.xls__2025_26.xls,2025-09-11_NLDC_PSP.xls,RENAMED,
2025-26,11.10.25_NLDC_PSP__2025_26.xls,2025-10-11_NLDC_PSP.xls,RENAMED,
2025-26,11.11.25_NLDC_PSP__2025_26.xls,2025-11-11_NLDC_PSP.xls,RENAMED,
2025-26,11.12.25_NLDC_PSP__2025_26.xls,2025-12-11_NLDC_PSP.xls,RENAMED,
2025-26,12.01.26_NLDC_PSP.xls__2025_26.xls,2026-01-12_NLDC_PSP.xls,RENAMED,
2025-26,12.02.26_NLDC_PSP__2025_26.xls,2026-02-12_NLDC_PSP.xls,RENAMED,
2025-26,12.03.26_NLDC_PSP__2025_26.xls,2026-03-12_NLDC_PSP.xls,RENAMED,
2025-26,12.04.25_NLDC_PSP__2025_26.xls,2025-04-12_NLDC_PSP.xls,RENAMED,
2025-26,12.05.25_NLDC_PSP__2025_26.xls,2025-05-12_NLDC_PSP.xls,RENAMED,
2025-26,12.06.25_NLDC_PSP__2025_26.xls,2025-06-12_NLDC_PSP.xls,RENAMED,
2025-26,12.07.25_NLDC_PSP__2025_26.xls,2025-07-12_NLDC_PSP.xls,RENAMED,
2025-26,12.10.25_NLDC_PSP__2025_26.xls,2025-10-12_NLDC_PSP.xls,RENAMED,
2025-26,12.11.25_NLDC_PSP__2025_26.xls,2025-11-12_NLDC_PSP.xls,RENAMED,
2025-26,12.12.25_NLDC_PSP__2025_26.xls,2025-12-12_NLDC_PSP.xls,RENAMED,
2025-26,13.01.26_NLDC_PSP__2025_26.xls,2026-01-13_NLDC_PSP.xls,RENAMED,
2025-26,13.02.26_NLDC_PSP__2025_26.xls,2026-02-13_NLDC_PSP.xls,RENAMED,
2025-26,13.03.26_NLDC_PSP__2025_26.xls,2026-03-13_NLDC_PSP.xls,RENAMED,
2025-26,13.04.25_NLDC_PSP__2025_26.xls,2025-04-13_NLDC_PSP.xls,RENAMED,
2025-26,13.05.25_NLDC_PSP__2025_26.xls,2025-05-13_NLDC_PSP.xls,RENAMED,
2025-26,13.06.25_NLDC_PSP__2025_26.xls,2025-06-13_NLDC_PSP.xls,RENAMED,
2025-26,13.07.25_NLDC_PSP.xls__2025_26.xls,2025-07-13_NLDC_PSP.xls,RENAMED,
2025-26,13.08.25_NLDC_PSP__2025_26.xls,2025-08-13_NLDC_PSP.xls,RENAMED,
2025-26,13.10.25_NLDC_PSP__2025_26.xls,2025-10-13_NLDC_PSP.xls,RENAMED,
2025-26,13.11.25_NLDC_PSP__2025_26.xls,2025-11-13_NLDC_PSP.xls,RENAMED,
2025-26,13.12.25_NLDC_PSP__2025_26.xls,2025-12-13_NLDC_PSP.xls,RENAMED,
2025-26,14.01.26_NLDC_PSP__2025_26.xls,2026-01-14_NLDC_PSP.xls,RENAMED,
2025-26,14.02.26_NLDC_PSP__2025_26.xls,2026-02-14_NLDC_PSP.xls,RENAMED,
2025-26,14.03.26_NLDC_PSP__2025_26.xls,2026-03-14_NLDC_PSP.xls,RENAMED,
2025-26,14.04.25_NLDC_PSP__2025_26.xls,2025-04-14_NLDC_PSP.xls,RENAMED,
2025-26,14.05.25_NLDC_PSP__2025_26.xls,2025-05-14_NLDC_PSP.xls,RENAMED,
2025-26,14.06.25_NLDC_PSP__2025_26.xls,2025-06-14_NLDC_PSP.xls,RENAMED,
2025-26,14.07.25_NLDC_PSP.xls__2025_26.xls,2025-07-14_NLDC_PSP.xls,RENAMED,
2025-26,14.08.25_NLDC_PSP__2025_26.xls,2025-08-14_NLDC_PSP.xls,RENAMED,
2025-26,14.10.25_NLDC_PSP.xls__2025_26.xls,2025-10-14_NLDC_PSP.xls,RENAMED,
2025-26,14.11.25_NLDC_PSP.xls__2025_26.xls,2025-11-14_NLDC_PSP.xls,RENAMED,
2025-26,14.12.25_NLDC_PSP__2025_26.xls,2025-12-14_NLDC_PSP.xls,RENAMED,
2025-26,15.01.26_NLDC_PSP__2025_26.xls,2026-01-15_NLDC_PSP.xls,RENAMED,
2025-26,15.02.26_NLDC_PSP__2025_26.xls,2026-02-15_NLDC_PSP.xls,RENAMED,
2025-26,15.03.26_NLDC_PSP.xls__2025_26.xls,2026-03-15_NLDC_PSP.xls,RENAMED,
2025-26,15.04.25_NLDC_PSP__2025_26.xls,2025-04-15_NLDC_PSP.xls,RENAMED,
2025-26,15.05.25_NLDC_PSP__2025_26.xls,2025-05-15_NLDC_PSP.xls,RENAMED,
2025-26,15.06.25_NLDC_PSP__2025_26.xls,2025-06-15_NLDC_PSP.xls,RENAMED,
2025-26,15.07.25_NLDC_PSP.xls__2025_26.xls,2025-07-15_NLDC_PSP.xls,RENAMED,
2025-26,15.08.25_NLDC_PSP__2025_26.xls,2025-08-15_NLDC_PSP.xls,RENAMED,
2025-26,15.09.25_NLDC_PSP__2025_26.xls,2025-09-15_NLDC_PSP.xls,RENAMED,
2025-26,15.10.25_NLDC_PSP__2025_26.xls,2025-10-15_NLDC_PSP.xls,RENAMED,
2025-26,15.11.25_NLDC_PSP.xls__2025_26.xls,2025-11-15_NLDC_PSP.xls,RENAMED,
2025-26,15.12.25_NLDC_PSP__2025_26.xls,2025-12-15_NLDC_PSP.xls,RENAMED,
2025-26,16.01.26_NLDC_PSP__2025_26.xls,2026-01-16_NLDC_PSP.xls,RENAMED,
2025-26,16.02.26_NLDC_PSP__2025_26.xls,2026-02-16_NLDC_PSP.xls,RENAMED,
2025-26,16.03.26_NLDC_PSP__2025_26.xls,2026-03-16_NLDC_PSP.xls,RENAMED,
2025-26,16.04.25_NLDC_PSP__2025_26.xls,2025-04-16_NLDC_PSP.xls,RENAMED,
2025-26,16.05.25_NLDC_PSP__2025_26.xls,2025-05-16_NLDC_PSP.xls,RENAMED,
2025-26,16.06.25_NLDC_PSP__2025_26.xls,2025-06-16_NLDC_PSP.xls,RENAMED,
2025-26,16.07.25_NLDC_PSP.xls__2025_26.xls,2025-07-16_NLDC_PSP.xls,RENAMED,
2025-26,16.08.25_NLDC_PSP.xls__2025_26.xls,2025-08-16_NLDC_PSP.xls,RENAMED,
2025-26,16.09.25_NLDC_PSP__2025_26.xls,2025-09-16_NLDC_PSP.xls,RENAMED,
2025-26,16.10.25_NLDC_PSP__2025_26.xls,2025-10-16_NLDC_PSP.xls,RENAMED,
2025-26,16.11.25_NLDC_PSP__2025_26.xls,2025-11-16_NLDC_PSP.xls,RENAMED,
2025-26,16.12.25_NLDC_PSP__2025_26.xls,2025-12-16_NLDC_PSP.xls,RENAMED,
2025-26,17.01.26_NLDC_PSP__2025_26.xls,2026-01-17_NLDC_PSP.xls,RENAMED,
2025-26,17.02.26_NLDC_PSP__2025_26.xls,2026-02-17_NLDC_PSP.xls,RENAMED,
2025-26,17.03.26_NLDC_PSP__2025_26.xls,2026-03-17_NLDC_PSP.xls,RENAMED,
2025-26,17.04.25_NLDC_PSP__2025_26.xls,2025-04-17_NLDC_PSP.xls,RENAMED,
2025-26,17.05.25_NLDC_PSP__2025_26.xls,2025-05-17_NLDC_PSP.xls,RENAMED,
2025-26,17.06.25_NLDC_PSP.XLS__2025_26.xls,2025-06-17_NLDC_PSP.xls,RENAMED,
2025-26,17.07.25_NLDC_PSP.xls__2025_26.xls,2025-07-17_NLDC_PSP.xls,RENAMED,
2025-26,17.08.25_NLDC_PSP.xls__2025_26.xls,2025-08-17_NLDC_PSP.xls,RENAMED,
2025-26,17.10.25_NLDC_PSP__2025_26.xls,2025-10-17_NLDC_PSP.xls,RENAMED,
2025-26,17.11.25_NLDC_PSP__2025_26.xls,2025-11-17_NLDC_PSP.xls,RENAMED,
2025-26,17.12.25_NLDC_PSP__2025_26.xls,2025-12-17_NLDC_PSP.xls,RENAMED,
2025-26,18.01.26_NLDC_PSP__2025_26.xls,2026-01-18_NLDC_PSP.xls,RENAMED,
2025-26,18.02.26_NLDC_PSP__2025_26.xls,2026-02-18_NLDC_PSP.xls,RENAMED,
2025-26,18.03.26_NLDC_PSP__2025_26.xls,2026-03-18_NLDC_PSP.xls,RENAMED,
2025-26,18.04.25_NLDC_PSP__2025_26.xls,2025-04-18_NLDC_PSP.xls,RENAMED,
2025-26,18.05.25_NLDC_PSP__2025_26.xls,2025-05-18_NLDC_PSP.xls,RENAMED,
2025-26,18.06.25_NLDC_PSP__2025_26.xls,2025-06-18_NLDC_PSP.xls,RENAMED,
2025-26,18.07.25_NLDC_PSP.xls__2025_26.xls,2025-07-18_NLDC_PSP.xls,RENAMED,
2025-26,18.08.25_NLDC_PSP.xls__2025_26.xls,2025-08-18_NLDC_PSP.xls,RENAMED,
2025-26,18.09.25_NLDC_PSP__2025_26.xls,2025-09-18_NLDC_PSP.xls,RENAMED,
2025-26,18.10.25_NLDC_PSP__2025_26.xls,2025-10-18_NLDC_PSP.xls,RENAMED,
2025-26,18.11.25_NLDC_PSP__2025_26.xls,2025-11-18_NLDC_PSP.xls,RENAMED,
2025-26,18.12.25_NLDC_PSP__2025_26.xls,2025-12-18_NLDC_PSP.xls,RENAMED,
2025-26,19.01.26_NLDC_PSP__2025_26.xls,2026-01-19_NLDC_PSP.xls,RENAMED,
2025-26,19.02.26_NLDC_PSP__2025_26.xls,2026-02-19_NLDC_PSP.xls,RENAMED,
2025-26,19.03.26_NLDC_PSP__2025_26.xls,2026-03-19_NLDC_PSP.xls,RENAMED,
2025-26,19.04.25_NLDC_PSP__2025_26.xls,2025-04-19_NLDC_PSP.xls,RENAMED,
2025-26,19.05.25_NLDC_PSP__2025_26.xls,2025-05-19_NLDC_PSP.xls,RENAMED,
2025-26,19.06.25_NLDC_PSP__2025_26.xls,2025-06-19_NLDC_PSP.xls,RENAMED,
2025-26,19.07.25_NLDC_PSP__2025_26.xls,2025-07-19_NLDC_PSP.xls,RENAMED,
2025-26,19.09.25_NLDC_PSP.xls__2025_26.xls,2025-09-19_NLDC_PSP.xls,RENAMED,
2025-26,19.10.25_NLDC_PSP__2025_26.xls,2025-10-19_NLDC_PSP.xls,RENAMED,
2025-26,19.11.25_NLDC_PSP__2025_26.xls,2025-11-19_NLDC_PSP.xls,RENAMED,
2025-26,19.12.25_NLDC_PSP__2025_26.xls,2025-12-19_NLDC_PSP.xls,RENAMED,
2025-26,20.01.26_NLDC_PSP__2025_26.xls,2026-01-20_NLDC_PSP.xls,RENAMED,
2025-26,20.02.26_NLDC_PSP__2025_26.xls,2026-02-20_NLDC_PSP.xls,RENAMED,
2025-26,20.03.26_NLDC_PSP__2025_26.xls,2026-03-20_NLDC_PSP.xls,RENAMED,
2025-26,20.04.25_NLDC_PSP__2025_26.xls,2025-04-20_NLDC_PSP.xls,RENAMED,
2025-26,20.05.25_NLDC_PSP__2025_26.xls,2025-05-20_NLDC_PSP.xls,RENAMED,
2025-26,20.06.25_NLDC_PSP__2025_26.xls,2025-06-20_NLDC_PSP.xls,RENAMED,
2025-26,20.07.25_NLDC_PSP__2025_26.xls,2025-07-20_NLDC_PSP.xls,RENAMED,
2025-26,20.09.25_NLDC_PSP.xls__2025_26.xls,2025-09-20_NLDC_PSP.xls,RENAMED,
2025-26,20.10.25_NLDC_PSP__2025_26.xls,2025-10-20_NLDC_PSP.xls,RENAMED,
2025-26,20.11.25_NLDC_PSP__2025_26.xls,2025-11-20_NLDC_PSP.xls,RENAMED,
2025-26,20.12.25_NLDC_PSP__2025_26.xls,2025-12-20_NLDC_PSP.xls,RENAMED,
2025-26,21.01.26_NLDC_PSP__2025_26.xls,2026-01-21_NLDC_PSP.xls,RENAMED,
2025-26,21.02.26_NLDC_PSP__2025_26.xls,2026-02-21_NLDC_PSP.xls,RENAMED,
2025-26,21.03.26_NLDC_PSP__2025_26.xls,2026-03-21_NLDC_PSP.xls,RENAMED,
2025-26,21.04.25_NLDC_PSP__2025_26.xls,2025-04-21_NLDC_PSP.xls,RENAMED,
2025-26,21.05.25_NLDC_PSP__2025_26.xls,2025-05-21_NLDC_PSP.xls,RENAMED,
2025-26,21.06.25_NLDC_PSP__2025_26.xls,2025-06-21_NLDC_PSP.xls,RENAMED,
2025-26,21.07.25_NLDC_PSP__2025_26.xls,2025-07-21_NLDC_PSP.xls,RENAMED,
2025-26,21.08.25_NLDC_PSP__2025_26.xls,2025-08-21_NLDC_PSP.xls,RENAMED,
2025-26,21.10.25_NLDC_PSP.xls__2025_26.xls,2025-10-21_NLDC_PSP.xls,RENAMED,
2025-26,21.11.25_NLDC_PSP__2025_26.xls,2025-11-21_NLDC_PSP.xls,RENAMED,
2025-26,21.12.25_NLDC_PSP__2025_26.xls,2025-12-21_NLDC_PSP.xls,RENAMED,
2025-26,22.01.26_NLDC_PSP__2025_26.xls,2026-01-22_NLDC_PSP.xls,RENAMED,
2025-26,22.02.26_NLDC_PSP__2025_26.xls,2026-02-22_NLDC_PSP.xls,RENAMED,
2025-26,22.03.26_NLDC_PSP__2025_26.xls,2026-03-22_NLDC_PSP.xls,RENAMED,
2025-26,22.04.25_NLDC_PSP__2025_26.xls,2025-04-22_NLDC_PSP.xls,RENAMED,
2025-26,22.05.25_NLDC_PSP__2025_26.xls,2025-05-22_NLDC_PSP.xls,RENAMED,
2025-26,22.06.25_NLDC_PSP__2025_26.xls,2025-06-22_NLDC_PSP.xls,RENAMED,
2025-26,22.07.25_NLDC_PSP__2025_26.xls,2025-07-22_NLDC_PSP.xls,RENAMED,
2025-26,22.08.25_NLDC_PSP__2025_26.xls,2025-08-22_NLDC_PSP.xls,RENAMED,
2025-26,22.09.25_NLDC_PSP__2025_26.xls,2025-09-22_NLDC_PSP.xls,RENAMED,
2025-26,22.10.25_NLDC_PSP.xls__2025_26.xls,2025-10-22_NLDC_PSP.xls,RENAMED,
2025-26,22.11.25_NLDC_PSP.xls__2025_26.xls,2025-11-22_NLDC_PSP.xls,RENAMED,
2025-26,22.12.25_NLDC_PSP__2025_26.xls,2025-12-22_NLDC_PSP.xls,RENAMED,
2025-26,23.01.26_NLDC_PSP__2025_26.xls,2026-01-23_NLDC_PSP.xls,RENAMED,
2025-26,23.02.26_NLDC_PSP__2025_26.xls,2026-02-23_NLDC_PSP.xls,RENAMED,
2025-26,23.03.26_NLDC_PSP__2025_26.xls,2026-03-23_NLDC_PSP.xls,RENAMED,
2025-26,23.04.25_NLDC_PSP__2025_26.xls,2025-04-23_NLDC_PSP.xls,RENAMED,
2025-26,23.05.25_NLDC_PSP__2025_26.xls,2025-05-23_NLDC_PSP.xls,RENAMED,
2025-26,23.06.25_NLDC_PSP__2025_26.xls,2025-06-23_NLDC_PSP.xls,RENAMED,
2025-26,23.07.25_NLDC_PSP.xls__2025_26.xls,2025-07-23_NLDC_PSP.xls,RENAMED,
2025-26,23.08.25_NLDC_PSP__2025_26.xls,2025-08-23_NLDC_PSP.xls,RENAMED,
2025-26,23.09.25_NLDC_PSP__2025_26.xls,2025-09-23_NLDC_PSP.xls,RENAMED,
2025-26,23.10.25_NLDC_PSP__2025_26.xls,2025-10-23_NLDC_PSP.xls,RENAMED,
2025-26,23.11.25_NLDC_PSP__2025_26.xls,2025-11-23_NLDC_PSP.xls,RENAMED,
2025-26,23.12.25_NLDC_PSP__2025_26.xls,2025-12-23_NLDC_PSP.xls,RENAMED,
2025-26,24.01.26_NLDC_PSP__2025_26.xls,2026-01-24_NLDC_PSP.xls,RENAMED,
2025-26,24.02.26_NLDC_PSP__2025_26.xls,2026-02-24_NLDC_PSP.xls,RENAMED,
2025-26,24.03.26_NLDC_PSP__2025_26.xls,2026-03-24_NLDC_PSP.xls,RENAMED,
2025-26,24.04.25_NLDC_PSP__2025_26.xls,2025-04-24_NLDC_PSP.xls,RENAMED,
2025-26,24.05.25_NLDC_PSP__2025_26.xls,2025-05-24_NLDC_PSP.xls,RENAMED,
2025-26,24.06.25_NLDC_PSP__2025_26.xls,2025-06-24_NLDC_PSP.xls,RENAMED,
2025-26,24.07.25_NLDC_PSP.xls__2025_26.xls,2025-07-24_NLDC_PSP.xls,RENAMED,
2025-26,24.08.25_NLDC_PSP.xls__2025_26.xls,2025-08-24_NLDC_PSP.xls,RENAMED,
2025-26,24.09.25_NLDC_PSP__2025_26.xls,2025-09-24_NLDC_PSP.xls,RENAMED,
2025-26,24.10.25_NLDC_PSP__2025_26.xls,2025-10-24_NLDC_PSP.xls,RENAMED,
2025-26,24.11.25_NLDC_PSP__2025_26.xls,2025-11-24_NLDC_PSP.xls,RENAMED,
2025-26,24.12.25_NLDC_PSP__2025_26.xls,2025-12-24_NLDC_PSP.xls,RENAMED,
2025-26,25.01.26_NLDC_PSP__2025_26.xls,2026-01-25_NLDC_PSP.xls,RENAMED,
2025-26,25.02.26_NLDC_PSP__2025_26.xls,2026-02-25_NLDC_PSP.xls,RENAMED,
2025-26,25.03.26_NLDC_PSP__2025_26.xls,2026-03-25_NLDC_PSP.xls,RENAMED,
2025-26,25.04.25_NLDC_PSP__2025_26.xls,2025-04-25_NLDC_PSP.xls,RENAMED,
2025-26,25.05.25_NLDC_PSP__2025_26.xls,2025-05-25_NLDC_PSP.xls,RENAMED,
2025-26,25.06.25_NLDC_PSP__2025_26.xls,2025-06-25_NLDC_PSP.xls,RENAMED,
2025-26,25.07.25_NLDC_PSP.xls__2025_26.xls,2025-07-25_NLDC_PSP.xls,RENAMED,
2025-26,25.08.25_NLDC_PSP.xls__2025_26.xls,2025-08-25_NLDC_PSP.xls,RENAMED,
2025-26,25.09.25_NLDC_PSP__2025_26.xls,2025-09-25_NLDC_PSP.xls,RENAMED,
2025-26,25.10.25_NLDC_PSP.xls__2025_26.xls,2025-10-25_NLDC_PSP.xls,RENAMED,
2025-26,25.11.25_NLDC_PSP__2025_26.xls,2025-11-25_NLDC_PSP.xls,RENAMED,
2025-26,25.12.25_NLDC_PSP__2025_26.xls,2025-12-25_NLDC_PSP.xls,RENAMED,
2025-26,26.01.26_NLDC_PSP__2025_26.xls,2026-01-26_NLDC_PSP.xls,RENAMED,
2025-26,26.02.26_NLDC_PSP.XLS__2025_26.xls,2026-02-26_NLDC_PSP.xls,RENAMED,
2025-26,26.03.26_NLDC_PSP.xls__2025_26.xls,2026-03-26_NLDC_PSP.xls,RENAMED,
2025-26,26.04.25_NLDC_PSP__2025_26.xls,2025-04-26_NLDC_PSP.xls,RENAMED,
2025-26,26.05.25_NLDC_PSP__2025_26.xls,2025-05-26_NLDC_PSP.xls,RENAMED,
2025-26,26.06.25_NLDC_PSP__2025_26.xls,2025-06-26_NLDC_PSP.xls,RENAMED,
2025-26,26.07.25_NLDC_PSP.xls__2025_26.xls,2025-07-26_NLDC_PSP.xls,RENAMED,
2025-26,26.08.25_NLDC_PSP__2025_26.xls,2025-08-26_NLDC_PSP.xls,RENAMED,
2025-26,26.10.25_NLDC_PSP.xls__2025_26.xls,2025-10-26_NLDC_PSP.xls,RENAMED,
2025-26,26.11.25_NLDC_PSP__2025_26.xls,2025-11-26_NLDC_PSP.xls,RENAMED,
2025-26,26.12.25_NLDC_PSP__2025_26.xls,2025-12-26_NLDC_PSP.xls,RENAMED,
2025-26,27.01.26_NLDC_PSP__2025_26.xls,2026-01-27_NLDC_PSP.xls,RENAMED,
2025-26,27.02.26_NLDC_PSP__2025_26.xls,2026-02-27_NLDC_PSP.xls,RENAMED,
2025-26,27.03.26_NLDC_PSP_HE__2025_26.xls,2026-03-27_NLDC_PSP.xls,RENAMED,
2025-26,27.04.25_NLDC_PSP__2025_26.xls,2025-04-27_NLDC_PSP.xls,RENAMED,
2025-26,27.05.25_NLDC_PSP__2025_26.xls,2025-05-27_NLDC_PSP.xls,RENAMED,
2025-26,27.06.25_NLDC_PSP__2025_26.xls,2025-06-27_NLDC_PSP.xls,RENAMED,
2025-26,27.07.25_NLDC_PSP__2025_26.xls,2025-07-27_NLDC_PSP.xls,RENAMED,
2025-26,27.08.25_NLDC_PSP.xls__2025_26.xls,2025-08-27_NLDC_PSP.xls,RENAMED,
2025-26,27.09.25_NLDC_PSP.xls__2025_26.xls,2025-09-27_NLDC_PSP.xls,RENAMED,
2025-26,27.10.25_NLDC_PSP__2025_26.xls,2025-10-27_NLDC_PSP.xls,RENAMED,
2025-26,27.11.25_NLDC_PSP__2025_26.xls,2025-11-27_NLDC_PSP.xls,RENAMED,
2025-26,27.12.25_NLDC_PSP__2025_26.xls,2025-12-27_NLDC_PSP.xls,RENAMED,
2025-26,28.01.26_NLDC_PSP__2025_26.xls,2026-01-28_NLDC_PSP.xls,RENAMED,
2025-26,28.02.26_NLDC_PSP__2025_26.xls,2026-02-28_NLDC_PSP.xls,RENAMED,
2025-26,28.03.26_NLDC_PSP.XLS__2025_26.xls,2026-03-28_NLDC_PSP.xls,RENAMED,
2025-26,28.04.25_NLDC_PSP__2025_26.xls,2025-04-28_NLDC_PSP.xls,RENAMED,
2025-26,28.05.25_NLDC_PSP__2025_26.xls,2025-05-28_NLDC_PSP.xls,RENAMED,
2025-26,28.06.25_NLDC_PSP.xls__2025_26.xls,2025-06-28_NLDC_PSP.xls,RENAMED,
2025-26,28.07.25_NLDC_PSP__2025_26.xls,2025-07-28_NLDC_PSP.xls,RENAMED,
2025-26,28.08.25_NLDC_PSP__2025_26.xls,2025-08-28_NLDC_PSP.xls,RENAMED,
2025-26,28.09.25_NLDC_PSP.xls__2025_26.xls,2025-09-28_NLDC_PSP.xls,RENAMED,
2025-26,28.10.25_NLDC_PSP__2025_26.xls,2025-10-28_NLDC_PSP.xls,RENAMED,
2025-26,28.11.25_NLDC_PSP__2025_26.xls,2025-11-28_NLDC_PSP.xls,RENAMED,
2025-26,28.12.25_NLDC_PSP__2025_26.xls,2025-12-28_NLDC_PSP.xls,RENAMED,
2025-26,29.01.26_NLDC_PSP__2025_26.xls,2026-01-29_NLDC_PSP.xls,RENAMED,
2025-26,29.03.26_NLDC_PSP__2025_26.xls,2026-03-29_NLDC_PSP.xls,RENAMED,
2025-26,29.04.25_NLDC_PSP__2025_26.xls,2025-04-29_NLDC_PSP.xls,RENAMED,
2025-26,29.05.25_NLDC_PSP__2025_26.xls,2025-05-29_NLDC_PSP.xls,RENAMED,
2025-26,29.06.25_NLDC_PSP.xls__2025_26.xls,2025-06-29_NLDC_PSP.xls,RENAMED,
2025-26,29.07.25_NLDC_PSP__2025_26.xls,2025-07-29_NLDC_PSP.xls,RENAMED,
2025-26,29.09.25_NLDC_PSP__2025_26.xls,2025-09-29_NLDC_PSP.xls,RENAMED,
2025-26,29.10.25_NLDC_PSP__2025_26.xls,2025-10-29_NLDC_PSP.xls,RENAMED,
2025-26,29.11.25_NLDC_PSP__2025_26.xls,2025-11-29_NLDC_PSP.xls,RENAMED,
2025-26,29.12.25_NLDC_PSP.xls__2025_26.xls,2025-12-29_NLDC_PSP.xls,RENAMED,
2025-26,30.01.26_NLDC_PSP__2025_26.xls,2026-01-30_NLDC_PSP.xls,RENAMED,
2025-26,30.03.26_NLDC_PSP.xls__2025_26.xls,2026-03-30_NLDC_PSP.xls,RENAMED,
2025-26,30.04.25_NLDC_PSP__2025_26.xls,2025-04-30_NLDC_PSP.xls,RENAMED,
2025-26,30.05.25_NLDC_PSP__2025_26.xls,2025-05-30_NLDC_PSP.xls,RENAMED,
2025-26,30.06.25_NLDC_PSP.xls__2025_26.xls,2025-06-30_NLDC_PSP.xls,RENAMED,
2025-26,30.07.25_NLDC_PSP__2025_26.xls,2025-07-30_NLDC_PSP.xls,RENAMED,
2025-26,30.08.25_NLDC_PSP__2025_26.xls,2025-08-30_NLDC_PSP.xls,RENAMED,
2025-26,30.09.25_NLDC_PSP__2025_26.xls,2025-09-30_NLDC_PSP.xls,RENAMED,
2025-26,30.10.25_NLDC_PSP__2025_26.xls,2025-10-30_NLDC_PSP.xls,RENAMED,
2025-26,30.11.25_NLDC_PSP__2025_26.xls,2025-11-30_NLDC_PSP.xls,RENAMED,
2025-26,30.12.25_NLDC_PSP__2025_26.xls,2025-12-30_NLDC_PSP.xls,RENAMED,
2025-26,31.01.26_NLDC_PSP__2025_26.xls,2026-01-31_NLDC_PSP.xls,RENAMED,
2025-26,31.03.26_NLDC_PSP__2025_26.xls,2026-03-31_NLDC_PSP.xls,RENAMED,
2025-26,31.05.25_NLDC_PSP__2025_26.xls,2025-05-31_NLDC_PSP.xls,RENAMED,
2025-26,31.07.25_NLDC_PSP.xls__2025_26.xls,2025-07-31_NLDC_PSP.xls,RENAMED,
2025-26,31.08.25_NLDC_PSP__2025_26.xls,2025-08-31_NLDC_PSP.xls,RENAMED,
2025-26,31.10.25_NLDC_PSP__2025_26.xls,2025-10-31_NLDC_PSP.xls,RENAMED,
2025-26,31.12.25_NLDC_PSP__2025_26.xls,2025-12-31_NLDC_PSP.xls,RENAMED,
2024-25,01.01.25_NLDC_PSP__2024_25.xls,2025-01-01_NLDC_PSP.xls,RENAMED,
2024-25,01.02.25_NLDC_PSP__2024_25.xls,2025-02-01_NLDC_PSP.xls,RENAMED,
2024-25,01.03.25_NLDC_PSP__2024_25.xls,2025-03-01_NLDC_PSP.xls,RENAMED,
2024-25,01.04.24_NLDC_PSP__2024_25.xls,2024-04-01_NLDC_PSP.xls,RENAMED,
2024-25,01.05.24_NLDC_PSP__2024_25.xls,2024-05-01_NLDC_PSP.xls,RENAMED,
2024-25,01.06.24_NLDC_PSP__2024_25.xls,2024-06-01_NLDC_PSP.xls,RENAMED,
2024-25,01.07.24_NLDC_PSP__2024_25.xls,2024-07-01_NLDC_PSP.xls,RENAMED,
2024-25,01.08.24_NLDC_PSP__2024_25.xls,2024-08-01_NLDC_PSP.xls,RENAMED,
2024-25,01.09.24_NLDC_PSP__2024_25.xls,2024-09-01_NLDC_PSP.xls,RENAMED,
2024-25,01.10.24_NLDC_PSP__2024_25.xls,2024-10-01_NLDC_PSP.xls,RENAMED,
2024-25,01.11.24_NLDC_PSP__2024_25.xls,2024-11-01_NLDC_PSP.xls,RENAMED,
2024-25,01.12.24_NLDC_PSP__2024_25.xls,2024-12-01_NLDC_PSP.xls,RENAMED,
2024-25,02.01.25_NLDC_PSP__2024_25.xls,2025-01-02_NLDC_PSP.xls,RENAMED,
2024-25,02.02.25_NLDC_PSP__2024_25.xls,2025-02-02_NLDC_PSP.xls,RENAMED,
2024-25,02.03.25_NLDC_PSP__2024_25.xls,2025-03-02_NLDC_PSP.xls,RENAMED,
2024-25,02.04.24_NLDC_PSP__2024_25.xls,2024-04-02_NLDC_PSP.xls,RENAMED,
2024-25,02.05.24_NLDC_PSP__2024_25.xls,2024-05-02_NLDC_PSP.xls,RENAMED,
2024-25,02.06.24_NLDC_PSP__2024_25.xls,2024-06-02_NLDC_PSP.xls,RENAMED,
2024-25,02.07.24_NLDC_PSP__2024_25.xls,2024-07-02_NLDC_PSP.xls,RENAMED,
2024-25,02.08.24_NLDC_PSP__2024_25.xls,2024-08-02_NLDC_PSP.xls,RENAMED,
2024-25,02.09.24_NLDC_PSP__2024_25.xls,2024-09-02_NLDC_PSP.xls,RENAMED,
2024-25,02.10.24_NLDC_PSP__2024_25.xls,2024-10-02_NLDC_PSP.xls,RENAMED,
2024-25,02.11.24_NLDC_PSP__2024_25.xls,2024-11-02_NLDC_PSP.xls,RENAMED,
2024-25,02.12.24_NLDC_PSP__2024_25.xls,2024-12-02_NLDC_PSP.xls,RENAMED,
2024-25,03.01.25_NLDC_PSP__2024_25.xls,2025-01-03_NLDC_PSP.xls,RENAMED,
2024-25,03.02.25_NLDC_PSP__2024_25.xls,2025-02-03_NLDC_PSP.xls,RENAMED,
2024-25,03.03.25_NLDC_PSP__2024_25.xls,2025-03-03_NLDC_PSP.xls,RENAMED,
2024-25,03.04.24_NLDC_PSP__2024_25.xls,2024-04-03_NLDC_PSP.xls,RENAMED,
2024-25,03.05.24_NLDC_PSP__2024_25.xls,2024-05-03_NLDC_PSP.xls,RENAMED,
2024-25,03.06.24_NLDC_PSP__2024_25.xls,2024-06-03_NLDC_PSP.xls,RENAMED,
2024-25,03.07.24_NLDC_PSP__2024_25.xls,2024-07-03_NLDC_PSP.xls,RENAMED,
2024-25,03.08.24_NLDC_PSP__2024_25.xls,2024-08-03_NLDC_PSP.xls,RENAMED,
2024-25,03.09.24_NLDC_PSP__2024_25.xls,2024-09-03_NLDC_PSP.xls,RENAMED,
2024-25,03.10.24_NLDC_PSP__2024_25.xls,2024-10-03_NLDC_PSP.xls,RENAMED,
2024-25,03.11.24_NLDC_PSP__2024_25.xls,2024-11-03_NLDC_PSP.xls,RENAMED,
2024-25,03.12.24_NLDC_PSP__2024_25.xls,2024-12-03_NLDC_PSP.xls,RENAMED,
2024-25,04.01.25_NLDC_PSP__2024_25.xls,2025-01-04_NLDC_PSP.xls,RENAMED,
2024-25,04.02.25_NLDC_PSP__2024_25.xls,2025-02-04_NLDC_PSP.xls,RENAMED,
2024-25,04.03.25_NLDC_PSP__2024_25.xls,2025-03-04_NLDC_PSP.xls,RENAMED,
2024-25,04.04.24_NLDC_PSP__2024_25.xls,2024-04-04_NLDC_PSP.xls,RENAMED,
2024-25,04.05.24_NLDC_PSP__2024_25.xls,2024-05-04_NLDC_PSP.xls,RENAMED,
2024-25,04.06.24_NLDC_PSP__2024_25.xls,2024-06-04_NLDC_PSP.xls,RENAMED,
2024-25,04.07.24_NLDC_PSP__2024_25.xls,2024-07-04_NLDC_PSP.xls,RENAMED,
2024-25,04.08.24_NLDC_PSP__2024_25.xls,2024-08-04_NLDC_PSP.xls,RENAMED,
2024-25,04.09.24_NLDC_PSP__2024_25.xls,2024-09-04_NLDC_PSP.xls,RENAMED,
2024-25,04.10.24_NLDC_PSP__2024_25.xls,2024-10-04_NLDC_PSP.xls,RENAMED,
2024-25,04.11.24_NLDC_PSP__2024_25.xls,2024-11-04_NLDC_PSP.xls,RENAMED,
2024-25,04.12.24_NLDC_PSP__2024_25.xls,2024-12-04_NLDC_PSP.xls,RENAMED,
2024-25,05.01.25_NLDC_PSP__2024_25.xls,2025-01-05_NLDC_PSP.xls,RENAMED,
2024-25,05.02.25_NLDC_PSP__2024_25.xls,2025-02-05_NLDC_PSP.xls,RENAMED,
2024-25,05.03.25_NLDC_PSP__2024_25.xls,2025-03-05_NLDC_PSP.xls,RENAMED,
2024-25,05.04.24_NLDC_PSP__2024_25.xls,2024-04-05_NLDC_PSP.xls,RENAMED,
2024-25,05.05.24_NLDC_PSP__2024_25.xls,2024-05-05_NLDC_PSP.xls,RENAMED,
2024-25,05.06.24_NLDC_PSP__2024_25.xls,2024-06-05_NLDC_PSP.xls,RENAMED,
2024-25,05.07.24_NLDC_PSP__2024_25.xls,2024-07-05_NLDC_PSP.xls,RENAMED,
2024-25,05.08.24 NLDC_PSP__2024_25.xls,2024-08-05_NLDC_PSP.xls,RENAMED,
2024-25,05.09.24_NLDC_PSP__2024_25.xls,2024-09-05_NLDC_PSP.xls,RENAMED,
2024-25,05.10.24_NLDC_PSP__2024_25.xls,2024-10-05_NLDC_PSP.xls,RENAMED,
2024-25,05.11.24_NLDC_PSP__2024_25.xls,2024-11-05_NLDC_PSP.xls,RENAMED,
2024-25,05.12.24_NLDC_PSP__2024_25.xls,2024-12-05_NLDC_PSP.xls,RENAMED,
2024-25,06.01.25_NLDC_PSP__2024_25.xls,2025-01-06_NLDC_PSP.xls,RENAMED,
2024-25,06.02.25_NLDC_PSP__2024_25.xls,2025-02-06_NLDC_PSP.xls,RENAMED,
2024-25,06.03.25_NLDC_PSP__2024_25.xls,2025-03-06_NLDC_PSP.xls,RENAMED,
2024-25,06.04.24_NLDC_PSP__2024_25.xls,2024-04-06_NLDC_PSP.xls,RENAMED,
2024-25,06.05.24_NLDC_PSP__2024_25.xls,2024-05-06_NLDC_PSP.xls,RENAMED,
2024-25,06.06.24_NLDC_PSP__2024_25.xls,2024-06-06_NLDC_PSP.xls,RENAMED,
2024-25,06.07.24_NLDC_PSP__2024_25.xls,2024-07-06_NLDC_PSP.xls,RENAMED,
2024-25,06.08.24_NLDC_PSP__2024_25.xls,2024-08-06_NLDC_PSP.xls,RENAMED,
2024-25,06.09.24_NLDC_PSP__2024_25.xls,2024-09-06_NLDC_PSP.xls,RENAMED,
2024-25,06.10.24_NLDC_PSP__2024_25.xls,2024-10-06_NLDC_PSP.xls,RENAMED,
2024-25,06.11.24_NLDC_PSP__2024_25.xls,2024-11-06_NLDC_PSP.xls,RENAMED,
2024-25,06.12.24_NLDC_PSP__2024_25.xls,2024-12-06_NLDC_PSP.xls,RENAMED,
2024-25,07.01.25_NLDC_PSP__2024_25.xls,2025-01-07_NLDC_PSP.xls,RENAMED,
2024-25,07.02.25_NLDC_PSP__2024_25.xls,2025-02-07_NLDC_PSP.xls,RENAMED,
2024-25,07.03.25_NLDC_PSP__2024_25.xls,2025-03-07_NLDC_PSP.xls,RENAMED,
2024-25,07.04.24_NLDC_PSP__2024_25.xls,2024-04-07_NLDC_PSP.xls,RENAMED,
2024-25,07.05.24_NLDC_PSP__2024_25.xls,2024-05-07_NLDC_PSP.xls,RENAMED,
2024-25,07.06.24_NLDC_PSP__2024_25.xls,2024-06-07_NLDC_PSP.xls,RENAMED,
2024-25,07.07.24_NLDC_PSP__2024_25.xls,2024-07-07_NLDC_PSP.xls,RENAMED,
2024-25,07.08.24_NLDC_PSP__2024_25.xls,2024-08-07_NLDC_PSP.xls,RENAMED,
2024-25,07.09.24_NLDC_PSP__2024_25.xls,2024-09-07_NLDC_PSP.xls,RENAMED,
2024-25,07.10.24_NLDC_PSP__2024_25.xls,2024-10-07_NLDC_PSP.xls,RENAMED,
2024-25,07.11.24_NLDC_PSP__2024_25.xls,2024-11-07_NLDC_PSP.xls,RENAMED,
2024-25,07.12.24_NLDC_PSP__2024_25.xls,2024-12-07_NLDC_PSP.xls,RENAMED,
2024-25,08.01.25_NLDC_PSP__2024_25.xls,2025-01-08_NLDC_PSP.xls,RENAMED,
2024-25,08.02.25_NLDC_PSP__2024_25.xls,2025-02-08_NLDC_PSP.xls,RENAMED,
2024-25,08.03.25_NLDC_PSP__2024_25.xls,2025-03-08_NLDC_PSP.xls,RENAMED,
2024-25,08.04.24_NLDC_PSP__2024_25.xls,2024-04-08_NLDC_PSP.xls,RENAMED,
2024-25,08.05.24_NLDC_PSP__2024_25.xls,2024-05-08_NLDC_PSP.xls,RENAMED,
2024-25,08.06.24_NLDC_PSP__2024_25.xls,2024-06-08_NLDC_PSP.xls,RENAMED,
2024-25,08.07.24_NLDC_PSP__2024_25.xls,2024-07-08_NLDC_PSP.xls,RENAMED,
2024-25,08.08.24_NLDC_PSP__2024_25.xls,2024-08-08_NLDC_PSP.xls,RENAMED,
2024-25,08.09.24_NLDC_PSP__2024_25.xls,2024-09-08_NLDC_PSP.xls,RENAMED,
2024-25,08.10.24_NLDC_PSP__2024_25.xls,2024-10-08_NLDC_PSP.xls,RENAMED,
2024-25,08.11.24_NLDC_PSP__2024_25.xls,2024-11-08_NLDC_PSP.xls,RENAMED,
2024-25,08.12.24_NLDC_PSP__2024_25.xls,2024-12-08_NLDC_PSP.xls,RENAMED,
2024-25,09.01.25_NLDC_PSP__2024_25.xls,2025-01-09_NLDC_PSP.xls,RENAMED,
2024-25,09.02.25_NLDC_PSP__2024_25.xls,2025-02-09_NLDC_PSP.xls,RENAMED,
2024-25,09.03.25_NLDC_PSP__2024_25.xls,2025-03-09_NLDC_PSP.xls,RENAMED,
2024-25,09.04.24_NLDC_PSP__2024_25.xls,2024-04-09_NLDC_PSP.xls,RENAMED,
2024-25,09.05.24_NLDC_PSP__2024_25.xls,2024-05-09_NLDC_PSP.xls,RENAMED,
2024-25,09.06.24_NLDC_PSP__2024_25.xls,2024-06-09_NLDC_PSP.xls,RENAMED,
2024-25,09.07.24_NLDC_PSP__2024_25.xls,2024-07-09_NLDC_PSP.xls,RENAMED,
2024-25,09.08.24_NLDC_PSP__2024_25.xls,2024-08-09_NLDC_PSP.xls,RENAMED,
2024-25,09.09.24_NLDC_PSP__2024_25.xls,2024-09-09_NLDC_PSP.xls,RENAMED,
2024-25,09.10.24_NLDC_PSP__2024_25.xls,2024-10-09_NLDC_PSP.xls,RENAMED,
2024-25,09.11.24_NLDC_PSP__2024_25.xls,2024-11-09_NLDC_PSP.xls,RENAMED,
2024-25,09.12.24_NLDC_PSP__2024_25.xls,2024-12-09_NLDC_PSP.xls,RENAMED,
2024-25,10.01.25_NLDC_PSP__2024_25.xls,2025-01-10_NLDC_PSP.xls,RENAMED,
2024-25,10.02.25_NLDC_PSP__2024_25.xls,2025-02-10_NLDC_PSP.xls,RENAMED,
2024-25,10.03.25_NLDC_PSP__2024_25.xls,2025-03-10_NLDC_PSP.xls,RENAMED,
2024-25,10.04.24_NLDC_PSP__2024_25.xls,2024-04-10_NLDC_PSP.xls,RENAMED,
2024-25,10.05.24_NLDC_PSP__2024_25.xls,2024-05-10_NLDC_PSP.xls,RENAMED,
2024-25,10.06.24_NLDC_PSP__2024_25.xls,2024-06-10_NLDC_PSP.xls,RENAMED,
2024-25,10.07.24_NLDC_PSP__2024_25.xls,2024-07-10_NLDC_PSP.xls,RENAMED,
2024-25,10.08.24_NLDC_PSP__2024_25.xls,2024-08-10_NLDC_PSP.xls,RENAMED,
2024-25,10.09.24_NLDC_PSP__2024_25.xls,2024-09-10_NLDC_PSP.xls,RENAMED,
2024-25,10.10.24_NLDC_PSP__2024_25.xls,2024-10-10_NLDC_PSP.xls,RENAMED,
2024-25,10.11.24_NLDC_PSP__2024_25.xls,2024-11-10_NLDC_PSP.xls,RENAMED,
2024-25,10.12.24_NLDC_PSP__2024_25.xls,2024-12-10_NLDC_PSP.xls,RENAMED,
2024-25,11.01.25_NLDC_PSP__2024_25.xls,2025-01-11_NLDC_PSP.xls,RENAMED,
2024-25,11.02.25_NLDC_PSP__2024_25.xls,2025-02-11_NLDC_PSP.xls,RENAMED,
2024-25,11.03.25_NLDC_PSP__2024_25.xls,2025-03-11_NLDC_PSP.xls,RENAMED,
2024-25,11.04.24_NLDC_PSP__2024_25.xls,2024-04-11_NLDC_PSP.xls,RENAMED,
2024-25,11.05.24_NLDC_PSP__2024_25.xls,2024-05-11_NLDC_PSP.xls,RENAMED,
2024-25,11.06.24_NLDC_PSP__2024_25.xls,2024-06-11_NLDC_PSP.xls,RENAMED,
2024-25,11.07.24_NLDC_PSP__2024_25.xls,2024-07-11_NLDC_PSP.xls,RENAMED,
2024-25,11.08.24_NLDC_PSP__2024_25.xls,2024-08-11_NLDC_PSP.xls,RENAMED,
2024-25,11.09.24_NLDC_PSP__2024_25.xls,2024-09-11_NLDC_PSP.xls,RENAMED,
2024-25,11.10.24_NLDC_PSP__2024_25.xls,2024-10-11_NLDC_PSP.xls,RENAMED,
2024-25,11.11.24_NLDC_PSP__2024_25.xls,2024-11-11_NLDC_PSP.xls,RENAMED,
2024-25,11.12.24_NLDC_PSP__2024_25.xls,2024-12-11_NLDC_PSP.xls,RENAMED,
2024-25,12.01.25_NLDC_PSP__2024_25.xls,2025-01-12_NLDC_PSP.xls,RENAMED,
2024-25,12.02.25_NLDC_PSP__2024_25.xls,2025-02-12_NLDC_PSP.xls,RENAMED,
2024-25,12.03.25_NLDC_PSP__2024_25.xls,2025-03-12_NLDC_PSP.xls,RENAMED,
2024-25,12.04.24_NLDC_PSP__2024_25.xls,2024-04-12_NLDC_PSP.xls,RENAMED,
2024-25,12.05.24_NLDC_PSP__2024_25.xls,2024-05-12_NLDC_PSP.xls,RENAMED,
2024-25,12.06.24_NLDC_PSP__2024_25.xls,2024-06-12_NLDC_PSP.xls,RENAMED,
2024-25,12.07.24_NLDC_PSP__2024_25.xls,2024-07-12_NLDC_PSP.xls,RENAMED,
2024-25,12.08.24_NLDC_PSP__2024_25.xls,2024-08-12_NLDC_PSP.xls,RENAMED,
2024-25,12.09.24_NLDC_PSP__2024_25.xls,2024-09-12_NLDC_PSP.xls,RENAMED,
2024-25,12.10.24_NLDC_PSP__2024_25.xls,2024-10-12_NLDC_PSP.xls,RENAMED,
2024-25,12.11.24_NLDC_PSP__2024_25.xls,2024-11-12_NLDC_PSP.xls,RENAMED,
2024-25,12.12.24_NLDC_PSP__2024_25.xls,2024-12-12_NLDC_PSP.xls,RENAMED,
2024-25,13.01.25_NLDC_PSP__2024_25.xls,2025-01-13_NLDC_PSP.xls,RENAMED,
2024-25,13.02.25_NLDC_PSP__2024_25.xls,2025-02-13_NLDC_PSP.xls,RENAMED,
2024-25,13.03.25_NLDC_PSP__2024_25.xls,2025-03-13_NLDC_PSP.xls,RENAMED,
2024-25,13.04.24_NLDC_PSP__2024_25.xls,2024-04-13_NLDC_PSP.xls,RENAMED,
2024-25,13.05.24_NLDC_PSP__2024_25.xls,2024-05-13_NLDC_PSP.xls,RENAMED,
2024-25,13.06.24_NLDC_PSP__2024_25.xls,2024-06-13_NLDC_PSP.xls,RENAMED,
2024-25,13.07.24_NLDC_PSP__2024_25.xls,2024-07-13_NLDC_PSP.xls,RENAMED,
2024-25,13.08.24_NLDC_PSP__2024_25.xls,2024-08-13_NLDC_PSP.xls,RENAMED,
2024-25,13.09.24_NLDC_PSP__2024_25.xls,2024-09-13_NLDC_PSP.xls,RENAMED,
2024-25,13.10.24_NLDC_PSP__2024_25.xls,2024-10-13_NLDC_PSP.xls,RENAMED,
2024-25,13.11.24_NLDC_PSP__2024_25.xls,2024-11-13_NLDC_PSP.xls,RENAMED,
2024-25,13.12.24_NLDC_PSP__2024_25.xls,2024-12-13_NLDC_PSP.xls,RENAMED,
2024-25,14.01.25_NLDC_PSP__2024_25.xls,2025-01-14_NLDC_PSP.xls,RENAMED,
2024-25,14.02.25_NLDC_PSP__2024_25.xls,2025-02-14_NLDC_PSP.xls,RENAMED,
2024-25,14.03.25_NLDC_PSP__2024_25.xls,2025-03-14_NLDC_PSP.xls,RENAMED,
2024-25,14.04.24_NLDC_PSP__2024_25.xls,2024-04-14_NLDC_PSP.xls,RENAMED,
2024-25,14.05.24_NLDC_PSP__2024_25.xls,2024-05-14_NLDC_PSP.xls,RENAMED,
2024-25,14.06.24_NLDC_PSP__2024_25.xls,2024-06-14_NLDC_PSP.xls,RENAMED,
2024-25,14.07.24_NLDC_PSP__2024_25.xls,2024-07-14_NLDC_PSP.xls,RENAMED,
2024-25,14.08.24_NLDC_PSP__2024_25.xls,2024-08-14_NLDC_PSP.xls,RENAMED,
2024-25,14.09.24_NLDC_PSP__2024_25.xls,2024-09-14_NLDC_PSP.xls,RENAMED,
2024-25,14.10.24_NLDC_PSP__2024_25.xls,2024-10-14_NLDC_PSP.xls,RENAMED,
2024-25,14.11.24_NLDC_PSP__2024_25.xls,2024-11-14_NLDC_PSP.xls,RENAMED,
2024-25,14.12.24_NLDC_PSP__2024_25.xls,2024-12-14_NLDC_PSP.xls,RENAMED,
2024-25,15.01.25_NLDC_PSP__2024_25.xls,2025-01-15_NLDC_PSP.xls,RENAMED,
2024-25,15.02.25_NLDC_PSP__2024_25.xls,2025-02-15_NLDC_PSP.xls,RENAMED,
2024-25,15.03.25_NLDC_PSP__2024_25.xls,2025-03-15_NLDC_PSP.xls,RENAMED,
2024-25,15.04.24_NLDC_PSP__2024_25.xls,2024-04-15_NLDC_PSP.xls,RENAMED,
2024-25,15.05.24_NLDC_PSP__2024_25.xls,2024-05-15_NLDC_PSP.xls,RENAMED,
2024-25,15.06.24_NLDC_PSP__2024_25.xls,2024-06-15_NLDC_PSP.xls,RENAMED,
2024-25,15.07.24_NLDC_PSP__2024_25.xls,2024-07-15_NLDC_PSP.xls,RENAMED,
2024-25,15.08.24_NLDC_PSP__2024_25.xls,2024-08-15_NLDC_PSP.xls,RENAMED,
2024-25,15.09.24_NLDC_PSP__2024_25.xls,2024-09-15_NLDC_PSP.xls,RENAMED,
2024-25,15.10.24_NLDC_PSP__2024_25.xls,2024-10-15_NLDC_PSP.xls,RENAMED,
2024-25,15.11.24_NLDC_PSP__2024_25.xls,2024-11-15_NLDC_PSP.xls,RENAMED,
2024-25,15.12.24_NLDC_PSP__2024_25.xls,2024-12-15_NLDC_PSP.xls,RENAMED,
2024-25,16.01.25_NLDC_PSP__2024_25.xls,2025-01-16_NLDC_PSP.xls,RENAMED,
2024-25,16.02.25_NLDC_PSP__2024_25.xls,2025-02-16_NLDC_PSP.xls,RENAMED,
2024-25,16.03.25_NLDC_PSP__2024_25.xls,2025-03-16_NLDC_PSP.xls,RENAMED,
2024-25,16.04.24_NLDC_PSP__2024_25.xls,2024-04-16_NLDC_PSP.xls,RENAMED,
2024-25,16.05.24_NLDC_PSP__2024_25.xls,2024-05-16_NLDC_PSP.xls,RENAMED,
2024-25,16.06.24_NLDC_PSP__2024_25.xls,2024-06-16_NLDC_PSP.xls,RENAMED,
2024-25,16.07.24_NLDC_PSP__2024_25.xls,2024-07-16_NLDC_PSP.xls,RENAMED,
2024-25,16.08.24_NLDC_PSP__2024_25.xls,2024-08-16_NLDC_PSP.xls,RENAMED,
2024-25,16.09.24_NLDC_PSP__2024_25.xls,2024-09-16_NLDC_PSP.xls,RENAMED,
2024-25,16.10.24_NLDC_PSP__2024_25.xls,2024-10-16_NLDC_PSP.xls,RENAMED,
2024-25,16.11.24_NLDC_PSP__2024_25.xls,2024-11-16_NLDC_PSP.xls,RENAMED,
2024-25,16.12.24_NLDC_PSP__2024_25.xls,2024-12-16_NLDC_PSP.xls,RENAMED,
2024-25,17.01.25_NLDC_PSP__2024_25.xls,2025-01-17_NLDC_PSP.xls,RENAMED,
2024-25,17.02.25_NLDC_PSP__2024_25.xls,2025-02-17_NLDC_PSP.xls,RENAMED,
2024-25,17.03.25_NLDC_PSP__2024_25.xls,2025-03-17_NLDC_PSP.xls,RENAMED,
2024-25,17.04.24_NLDC_PSP__2024_25.xls,2024-04-17_NLDC_PSP.xls,RENAMED,
2024-25,17.05.24_NLDC_PSP__2024_25.xls,2024-05-17_NLDC_PSP.xls,RENAMED,
2024-25,17.06.24_NLDC_PSP__2024_25.xls,2024-06-17_NLDC_PSP.xls,RENAMED,
2024-25,17.07.24_NLDC_PSP__2024_25.xls,2024-07-17_NLDC_PSP.xls,RENAMED,
2024-25,17.08.24_NLDC_PSP__2024_25.xls,2024-08-17_NLDC_PSP.xls,RENAMED,
2024-25,17.09.24_NLDC_PSP__2024_25.xls,2024-09-17_NLDC_PSP.xls,RENAMED,
2024-25,17.10.24_NLDC_PSP__2024_25.xls,2024-10-17_NLDC_PSP.xls,RENAMED,
2024-25,17.11.24_NLDC_PSP__2024_25.xls,2024-11-17_NLDC_PSP.xls,RENAMED,
2024-25,17.12.24_NLDC_PSP__2024_25.xls,2024-12-17_NLDC_PSP.xls,RENAMED,
2024-25,18.01.25_NLDC_PSP__2024_25.xls,2025-01-18_NLDC_PSP.xls,RENAMED,
2024-25,18.02.25_NLDC_PSP__2024_25.xls,2025-02-18_NLDC_PSP.xls,RENAMED,
2024-25,18.03.25_NLDC_PSP__2024_25.xls,2025-03-18_NLDC_PSP.xls,RENAMED,
2024-25,18.04.24_NLDC_PSP__2024_25.xls,2024-04-18_NLDC_PSP.xls,RENAMED,
2024-25,18.05.24_NLDC_PSP__2024_25.xls,2024-05-18_NLDC_PSP.xls,RENAMED,
2024-25,18.06.24_NLDC_PSP__2024_25.xls,2024-06-18_NLDC_PSP.xls,RENAMED,
2024-25,18.07.24_NLDC_PSP__2024_25.xls,2024-07-18_NLDC_PSP.xls,RENAMED,
2024-25,18.08.24_NLDC_PSP__2024_25.xls,2024-08-18_NLDC_PSP.xls,RENAMED,
2024-25,18.09.24_NLDC_PSP__2024_25.xls,2024-09-18_NLDC_PSP.xls,RENAMED,
2024-25,18.10.24_NLDC_PSP__2024_25.xls,2024-10-18_NLDC_PSP.xls,RENAMED,
2024-25,18.11.24_NLDC_PSP__2024_25.xls,2024-11-18_NLDC_PSP.xls,RENAMED,
2024-25,18.12.24_NLDC_PSP__2024_25.xls,2024-12-18_NLDC_PSP.xls,RENAMED,
2024-25,19.01.25_NLDC_PSP__2024_25.xls,2025-01-19_NLDC_PSP.xls,RENAMED,
2024-25,19.02.25_NLDC_PSP__2024_25.xls,2025-02-19_NLDC_PSP.xls,RENAMED,
2024-25,19.03.25_NLDC_PSP__2024_25.xls,2025-03-19_NLDC_PSP.xls,RENAMED,
2024-25,19.04.24_NLDC_PSP__2024_25.xls,2024-04-19_NLDC_PSP.xls,RENAMED,
2024-25,19.05.24_NLDC_PSP__2024_25.xls,2024-05-19_NLDC_PSP.xls,RENAMED,
2024-25,19.06.24_NLDC_PSP__2024_25.xls,2024-06-19_NLDC_PSP.xls,RENAMED,
2024-25,19.07.24_NLDC_PSP__2024_25.xls,2024-07-19_NLDC_PSP.xls,RENAMED,
2024-25,19.08.24_NLDC_PSp__2024_25.xls,2024-08-19_NLDC_PSP.xls,RENAMED,
2024-25,19.09.24_NLDC_PSP__2024_25.xls,2024-09-19_NLDC_PSP.xls,RENAMED,
2024-25,19.10.24_NLDC_PSP__2024_25.xls,2024-10-19_NLDC_PSP.xls,RENAMED,
2024-25,19.11.24_NLDC_PSP__2024_25.xls,2024-11-19_NLDC_PSP.xls,RENAMED,
2024-25,19.12.24_NLDC_PSP__2024_25.xls,2024-12-19_NLDC_PSP.xls,RENAMED,
2024-25,20.01.25_NLDC_PSP__2024_25.xls,2025-01-20_NLDC_PSP.xls,RENAMED,
2024-25,20.02.25_NLDC_PSP__2024_25.xls,2025-02-20_NLDC_PSP.xls,RENAMED,
2024-25,20.03.25_NLDC_PSP__2024_25.xls,2025-03-20_NLDC_PSP.xls,RENAMED,
2024-25,20.04.24_NLDC_PSP__2024_25.xls,2024-04-20_NLDC_PSP.xls,RENAMED,
2024-25,20.05.24_NLDC_PSP__2024_25.xls,2024-05-20_NLDC_PSP.xls,RENAMED,
2024-25,20.06.24_NLDC_PSP__2024_25.xls,2024-06-20_NLDC_PSP.xls,RENAMED,
2024-25,20.07.24_NLDC_PSP__2024_25.xls,2024-07-20_NLDC_PSP.xls,RENAMED,
2024-25,20.08.24_NLDC_PSP__2024_25.xls,2024-08-20_NLDC_PSP.xls,RENAMED,
2024-25,20.09.24_NLDC_PSP__2024_25.xls,2024-09-20_NLDC_PSP.xls,RENAMED,
2024-25,20.10.24_NLDC_PSP__2024_25.xls,2024-10-20_NLDC_PSP.xls,RENAMED,
2024-25,20.11.24_NLDC_PSP__2024_25.xls,2024-11-20_NLDC_PSP.xls,RENAMED,
2024-25,20.12.24_NLDC_PSP__2024_25.xls,2024-12-20_NLDC_PSP.xls,RENAMED,
2024-25,21.01.25_NLDC_PSP__2024_25.xls,2025-01-21_NLDC_PSP.xls,RENAMED,
2024-25,21.02.25_NLDC_PSP__2024_25.xls,2025-02-21_NLDC_PSP.xls,RENAMED,
2024-25,21.03.25_NLDC_PSP__2024_25.xls,2025-03-21_NLDC_PSP.xls,RENAMED,
2024-25,21.04.24_NLDC_PSP__2024_25.xls,2024-04-21_NLDC_PSP.xls,RENAMED,
2024-25,21.05.24_NLDC_PSP__2024_25.xls,2024-05-21_NLDC_PSP.xls,RENAMED,
2024-25,21.06.24_NLDC_PSP__2024_25.xls,2024-06-21_NLDC_PSP.xls,RENAMED,
2024-25,21.07.24_NLDC_PSP__2024_25.xls,2024-07-21_NLDC_PSP.xls,RENAMED,
2024-25,21.08.24_NLDC_PSP__2024_25.xls,2024-08-21_NLDC_PSP.xls,RENAMED,
2024-25,21.09.24_NLDC_PSP__2024_25.xls,2024-09-21_NLDC_PSP.xls,RENAMED,
2024-25,21.10.24_NLDC_PSP__2024_25.xls,2024-10-21_NLDC_PSP.xls,RENAMED,
2024-25,21.11.24_NLDC_PSP__2024_25.xls,2024-11-21_NLDC_PSP.xls,RENAMED,
2024-25,21.12.24_NLDC_PSP__2024_25.xls,2024-12-21_NLDC_PSP.xls,RENAMED,
2024-25,22.01.25_NLDC_PSP__2024_25.xls,2025-01-22_NLDC_PSP.xls,RENAMED,
2024-25,22.02.25_NLDC_PSP__2024_25.xls,2025-02-22_NLDC_PSP.xls,RENAMED,
2024-25,22.03.25_NLDC_PSP__2024_25.xls,2025-03-22_NLDC_PSP.xls,RENAMED,
2024-25,22.04.24_NLDC_PSP__2024_25.xls,2024-04-22_NLDC_PSP.xls,RENAMED,
2024-25,22.05.24_NLDC_PSP__2024_25.xls,2024-05-22_NLDC_PSP.xls,RENAMED,
2024-25,22.06.24_NLDC_PSP__2024_25.xls,2024-06-22_NLDC_PSP.xls,RENAMED,
2024-25,22.07.24_NLDC_PSP__2024_25.xls,2024-07-22_NLDC_PSP.xls,RENAMED,
2024-25,22.08.24_NLDC_PSP__2024_25.xls,2024-08-22_NLDC_PSP.xls,RENAMED,
2024-25,22.09.24_NLDC_PSP__2024_25.xls,2024-09-22_NLDC_PSP.xls,RENAMED,
2024-25,22.10.24_NLDC_PSP__2024_25.xls,2024-10-22_NLDC_PSP.xls,RENAMED,
2024-25,22.11.24_NLDC_PSP__2024_25.xls,2024-11-22_NLDC_PSP.xls,RENAMED,
2024-25,22.12.24_NLDC_PSP__2024_25.xls,2024-12-22_NLDC_PSP.xls,RENAMED,
2024-25,23.01.25_NLDC_PSP__2024_25.xls,2025-01-23_NLDC_PSP.xls,RENAMED,
2024-25,23.02.25_NLDC_PSP__2024_25.xls,2025-02-23_NLDC_PSP.xls,RENAMED,
2024-25,23.03.25_NLDC_PSP__2024_25.xls,2025-03-23_NLDC_PSP.xls,RENAMED,
2024-25,23.04.24_NLDC_PSP__2024_25.xls,2024-04-23_NLDC_PSP.xls,RENAMED,
2024-25,23.05.24_NLDC_PSP__2024_25.xls,2024-05-23_NLDC_PSP.xls,RENAMED,
2024-25,23.06.24_NLDC_PSP__2024_25.xls,2024-06-23_NLDC_PSP.xls,RENAMED,
2024-25,23.07.24_NLDC_PSP__2024_25.xls,2024-07-23_NLDC_PSP.xls,RENAMED,
2024-25,23.08.24_NLDC_PSP__2024_25.xls,2024-08-23_NLDC_PSP.xls,RENAMED,
2024-25,23.09.24_NLDC_PSP__2024_25.xls,2024-09-23_NLDC_PSP.xls,RENAMED,
2024-25,23.10.24_NLDC_PSP__2024_25.xls,2024-10-23_NLDC_PSP.xls,RENAMED,
2024-25,23.11.24_NLDC_PSP__2024_25.xls,2024-11-23_NLDC_PSP.xls,RENAMED,
2024-25,23.12.24_NLDC_PSP__2024_25.xls,2024-12-23_NLDC_PSP.xls,RENAMED,
2024-25,24.01.25_NLDC_PSP__2024_25.xls,2025-01-24_NLDC_PSP.xls,RENAMED,
2024-25,24.02.25_NLDC_PSP__2024_25.xls,2025-02-24_NLDC_PSP.xls,RENAMED,
2024-25,24.02.26_NLDC_PSP__2024_25.xls,2026-02-24_NLDC_PSP.xls,RENAMED,
2024-25,24.03.25_NLDC_PSP__2024_25.xls,2025-03-24_NLDC_PSP.xls,RENAMED,
2024-25,24.04.24_NLDC_PSP__2024_25.xls,2024-04-24_NLDC_PSP.xls,RENAMED,
2024-25,24.05.24_NLDC_PSP__2024_25.xls,2024-05-24_NLDC_PSP.xls,RENAMED,
2024-25,24.06.24_NLDC_PSP__2024_25.xls,2024-06-24_NLDC_PSP.xls,RENAMED,
2024-25,24.07.24_NLDC_PSP__2024_25.xls,2024-07-24_NLDC_PSP.xls,RENAMED,
2024-25,24.08.24_NLDC_PSP__2024_25.xls,2024-08-24_NLDC_PSP.xls,RENAMED,
2024-25,24.09.24_NLDC_PSP__2024_25.xls,2024-09-24_NLDC_PSP.xls,RENAMED,
2024-25,24.10.24_NLDC_PSP__2024_25.xls,2024-10-24_NLDC_PSP.xls,RENAMED,
2024-25,24.11.24_NLDC_PSP__2024_25.xls,2024-11-24_NLDC_PSP.xls,RENAMED,
2024-25,24.12.24_NLDC_PSP__2024_25.xls,2024-12-24_NLDC_PSP.xls,RENAMED,
2024-25,25.01.25_NLDC_PSP__2024_25.xls,2025-01-25_NLDC_PSP.xls,RENAMED,
2024-25,25.02.25_NLDC_PSP__2024_25.xls,2025-02-25_NLDC_PSP.xls,RENAMED,
2024-25,25.03.25_NLDC_PSP__2024_25.xls,2025-03-25_NLDC_PSP.xls,RENAMED,
2024-25,25.04.24_NLDC_PSP__2024_25.xls,2024-04-25_NLDC_PSP.xls,RENAMED,
2024-25,25.05.24_NLDC_PSP__2024_25.xls,2024-05-25_NLDC_PSP.xls,RENAMED,
2024-25,25.06.24_NLDC_PSP__2024_25.xls,2024-06-25_NLDC_PSP.xls,RENAMED,
2024-25,25.07.24_NLDC_PSP__2024_25.xls,2024-07-25_NLDC_PSP.xls,RENAMED,
2024-25,25.08.24_NLDC_PSP__2024_25.xls,2024-08-25_NLDC_PSP.xls,RENAMED,
2024-25,25.09.24_NLDC_PSP__2024_25.xls,2024-09-25_NLDC_PSP.xls,RENAMED,
2024-25,25.10.24_NLDC_PSP__2024_25.xls,2024-10-25_NLDC_PSP.xls,RENAMED,
2024-25,25.11.24_NLDC_PSP__2024_25.xls,2024-11-25_NLDC_PSP.xls,RENAMED,
2024-25,25.12.24_NLDC_PSP__2024_25.xls,2024-12-25_NLDC_PSP.xls,RENAMED,
2024-25,26.01.25_NLDC_PSP__2024_25.xls,2025-01-26_NLDC_PSP.xls,RENAMED,
2024-25,26.02.25_NLDC_PSP__2024_25.xls,2025-02-26_NLDC_PSP.xls,RENAMED,
2024-25,26.03.25_NLDC_PSP__2024_25.xls,2025-03-26_NLDC_PSP.xls,RENAMED,
2024-25,26.04.24_NLDC_PSP__2024_25.xls,2024-04-26_NLDC_PSP.xls,RENAMED,
2024-25,26.05.24_NLDC_PSP__2024_25.xls,2024-05-26_NLDC_PSP.xls,RENAMED,
2024-25,26.06.24_NLDC_PSP__2024_25.xls,2024-06-26_NLDC_PSP.xls,RENAMED,
2024-25,26.07.24_NLDC_PSP__2024_25.xls,2024-07-26_NLDC_PSP.xls,RENAMED,
2024-25,26.08.24_NLDC_PSP__2024_25.xls,2024-08-26_NLDC_PSP.xls,RENAMED,
2024-25,26.09.24_NLDC_PSP__2024_25.xls,2024-09-26_NLDC_PSP.xls,RENAMED,
2024-25,26.10.24_NLDC_PSP__2024_25.xls,2024-10-26_NLDC_PSP.xls,RENAMED,
2024-25,26.11.24_NLDC_PSP__2024_25.xls,2024-11-26_NLDC_PSP.xls,RENAMED,
2024-25,26.12.24_NLDC_PSP__2024_25.xls,2024-12-26_NLDC_PSP.xls,RENAMED,
2024-25,27.01.25_NLDC_PSP__2024_25.xls,2025-01-27_NLDC_PSP.xls,RENAMED,
2024-25,27.02.25_NLDC_PSP__2024_25.xls,2025-02-27_NLDC_PSP.xls,RENAMED,
2024-25,27.03.25_NLDC_PSP__2024_25.xls,2025-03-27_NLDC_PSP.xls,RENAMED,
2024-25,27.04.24_NLDC_PSP__2024_25.xls,2024-04-27_NLDC_PSP.xls,RENAMED,
2024-25,27.05.24_NLDC_PSP__2024_25.xls,2024-05-27_NLDC_PSP.xls,RENAMED,
2024-25,27.06.24_NLDC_PSP__2024_25.xls,2024-06-27_NLDC_PSP.xls,RENAMED,
2024-25,27.07.24_NLDC_PSP__2024_25.xls,2024-07-27_NLDC_PSP.xls,RENAMED,
2024-25,27.08.24_NLDC_PSP__2024_25.xls,2024-08-27_NLDC_PSP.xls,RENAMED,
2024-25,27.09.24_NLDC_PSP__2024_25.xls,2024-09-27_NLDC_PSP.xls,RENAMED,
2024-25,27.10.24_NLDC_PSP__2024_25.xls,2024-10-27_NLDC_PSP.xls,RENAMED,
2024-25,27.11.24_NLDC_PSP__2024_25.xls,2024-11-27_NLDC_PSP.xls,RENAMED,
2024-25,27.12.24_NLDC_PSP__2024_25.xls,2024-12-27_NLDC_PSP.xls,RENAMED,
2024-25,28.01.25_NLDC_PSP__2024_25.xls,2025-01-28_NLDC_PSP.xls,RENAMED,
2024-25,28.02.25_NLDC_PSP__2024_25.xls,2025-02-28_NLDC_PSP.xls,RENAMED,
2024-25,28.03.25_NLDC_PSP__2024_25.xls,2025-03-28_NLDC_PSP.xls,RENAMED,
2024-25,28.04.24_NLDC_PSP__2024_25.xls,2024-04-28_NLDC_PSP.xls,RENAMED,
2024-25,28.05.24_NLDC_PSP__2024_25.xls,2024-05-28_NLDC_PSP.xls,RENAMED,
2024-25,28.06.24_NLDC_PSP__2024_25.xls,2024-06-28_NLDC_PSP.xls,RENAMED,
2024-25,28.07.24_NLDC_PSP__2024_25.xls,2024-07-28_NLDC_PSP.xls,RENAMED,
2024-25,28.08.24_NLDC_PSP__2024_25.xls,2024-08-28_NLDC_PSP.xls,RENAMED,
2024-25,28.09.24_NLDC_PSP__2024_25.xls,2024-09-28_NLDC_PSP.xls,RENAMED,
2024-25,28.10.24_NLDC_PSP__2024_25.xls,2024-10-28_NLDC_PSP.xls,RENAMED,
2024-25,28.11.24_NLDC_PSP__2024_25.xls,2024-11-28_NLDC_PSP.xls,RENAMED,
2024-25,28.12.24_NLDC_PSP__2024_25.xls,2024-12-28_NLDC_PSP.xls,RENAMED,
2024-25,29.01.25_NLDC_PSP__2024_25.xls,2025-01-29_NLDC_PSP.xls,RENAMED,
2024-25,29.03.25_NLDC_PSP__2024_25.xls,2025-03-29_NLDC_PSP.xls,RENAMED,
2024-25,29.04.24_NLDC_PSP__2024_25.xls,2024-04-29_NLDC_PSP.xls,RENAMED,
2024-25,29.05.24_NLDC_PSP__2024_25.xls,2024-05-29_NLDC_PSP.xls,RENAMED,
2024-25,29.06.24_NLDC_PSP__2024_25.xls,2024-06-29_NLDC_PSP.xls,RENAMED,
2024-25,29.07.24_NLDC_PSP__2024_25.xls,2024-07-29_NLDC_PSP.xls,RENAMED,
2024-25,29.08.24_NLDC_PSP__2024_25.xls,2024-08-29_NLDC_PSP.xls,RENAMED,
2024-25,29.09.24_NLDC_PSP__2024_25.xls,2024-09-29_NLDC_PSP.xls,RENAMED,
2024-25,29.10.24_NLDC_PSP__2024_25.xls,2024-10-29_NLDC_PSP.xls,RENAMED,
2024-25,29.11.24_NLDC_PSP__2024_25.xls,2024-11-29_NLDC_PSP.xls,RENAMED,
2024-25,29.12.24_NLDC_PSP__2024_25.xls,2024-12-29_NLDC_PSP.xls,RENAMED,
2024-25,30.01.25_NLDC_PSP__2024_25.xls,2025-01-30_NLDC_PSP.xls,RENAMED,
2024-25,30.03.25_NLDC_PSP__2024_25.xls,2025-03-30_NLDC_PSP.xls,RENAMED,
2024-25,30.04.24_NLDC_PSP__2024_25.xls,2024-04-30_NLDC_PSP.xls,RENAMED,
2024-25,30.05.24_NLDC_PSP__2024_25.xls,2024-05-30_NLDC_PSP.xls,RENAMED,
2024-25,30.06.24_NLDC_PSP__2024_25.xls,2024-06-30_NLDC_PSP.xls,RENAMED,
2024-25,30.07.24_NLDC_PSP__2024_25.xls,2024-07-30_NLDC_PSP.xls,RENAMED,
2024-25,30.08.24_NLDC_PSP__2024_25.xls,2024-08-30_NLDC_PSP.xls,RENAMED,
2024-25,30.09.24_NLDC_PSP__2024_25.xls,2024-09-30_NLDC_PSP.xls,RENAMED,
2024-25,30.10.24_NLDC_PSP__2024_25.xls,2024-10-30_NLDC_PSP.xls,RENAMED,
2024-25,30.11.24_NLDC_PSP__2024_25.xls,2024-11-30_NLDC_PSP.xls,RENAMED,
2024-25,31.01.25_NLDC_PSP__2024_25.xls,2025-01-31_NLDC_PSP.xls,RENAMED,
2024-25,31.03.25_NLDC_PSP__2024_25.xls,2025-03-31_NLDC_PSP.xls,RENAMED,
2024-25,31.05.24_NLDC_PSP__2024_25.xls,2024-05-31_NLDC_PSP.xls,RENAMED,
2024-25,31.07.24_NLDC_PSP__2024_25.xls,2024-07-31_NLDC_PSP.xls,RENAMED,
2024-25,31.08.24_NLDC_PSP__2024_25.xls,2024-08-31_NLDC_PSP.xls,RENAMED,
2024-25,31.10.24_NLDC_PSP__2024_25.xls,2024-10-31_NLDC_PSP.xls,RENAMED,
2023-24,01.01.24_NLDC_PSP__2023_24.xls,2024-01-01_NLDC_PSP.xls,RENAMED,
2023-24,01.02.24_NLDC_PSP__2023_24.xls,2024-02-01_NLDC_PSP.xls,RENAMED,
2023-24,01.03.24_NLDC_PSP__2023_24.xls,2024-03-01_NLDC_PSP.xls,RENAMED,
2023-24,01.04.23_NLDC_PSP__2023_24.xls,2023-04-01_NLDC_PSP.xls,RENAMED,
2023-24,01.05.23_NLDC_PSP__2023_24.xls,2023-05-01_NLDC_PSP.xls,RENAMED,
2023-24,01.06.23_NLDC_PSP__2023_24.xls,2023-06-01_NLDC_PSP.xls,RENAMED,
2023-24,01.07.23_NLDC_PSP__2023_24.xls,2023-07-01_NLDC_PSP.xls,RENAMED,
2023-24,01.08.23_NLDC_PSP__2023_24.xls,2023-08-01_NLDC_PSP.xls,RENAMED,
2023-24,01.09.23_NLDC_PSP__2023_24.xls,2023-09-01_NLDC_PSP.xls,RENAMED,
2023-24,01.10.23_NLDC_PSP__2023_24.xls,2023-10-01_NLDC_PSP.xls,RENAMED,
2023-24,01.11.23_NLDC_PSP__2023_24.xls,2023-11-01_NLDC_PSP.xls,RENAMED,
2023-24,01.12.23_NLDC_PSP__2023_24.xls,2023-12-01_NLDC_PSP.xls,RENAMED,
2023-24,02.01.24_NLDC_PSP__2023_24.xls,2024-01-02_NLDC_PSP.xls,RENAMED,
2023-24,02.02.24_NLDC_PSP__2023_24.xls,2024-02-02_NLDC_PSP.xls,RENAMED,
2023-24,02.03.24_NLDC_PSP__2023_24.xls,2024-03-02_NLDC_PSP.xls,RENAMED,
2023-24,02.04.23_NLDC_PSP__2023_24.xls,2023-04-02_NLDC_PSP.xls,RENAMED,
2023-24,02.05.23_NLDC_PSP__2023_24.xls,2023-05-02_NLDC_PSP.xls,RENAMED,
2023-24,02.06.23_NLDC_PSP__2023_24.xls,2023-06-02_NLDC_PSP.xls,RENAMED,
2023-24,02.07.23_NLDC_PSP__2023_24.xls,2023-07-02_NLDC_PSP.xls,RENAMED,
2023-24,02.08.23_NLDC_PSP__2023_24.xls,2023-08-02_NLDC_PSP.xls,RENAMED,
2023-24,02.09.23_NLDC_PSP__2023_24.xls,2023-09-02_NLDC_PSP.xls,RENAMED,
2023-24,02.10.23_NLDC_PSP__2023_24.xls,2023-10-02_NLDC_PSP.xls,RENAMED,
2023-24,02.11.23_NLDC_PSP__2023_24.xls,2023-11-02_NLDC_PSP.xls,RENAMED,
2023-24,02.12.23_NLDC_PSP__2023_24.xls,2023-12-02_NLDC_PSP.xls,RENAMED,
2023-24,03.01.24_NLDC_PSP__2023_24.xls,2024-01-03_NLDC_PSP.xls,RENAMED,
2023-24,03.02.24_NLDC_PSP__2023_24.xls,2024-02-03_NLDC_PSP.xls,RENAMED,
2023-24,03.03.24_NLDC_PSP__2023_24.xls,2024-03-03_NLDC_PSP.xls,RENAMED,
2023-24,03.04.23_NLDC_PSP__2023_24.xls,2023-04-03_NLDC_PSP.xls,RENAMED,
2023-24,03.05.23_NLDC_PSP__2023_24.xls,2023-05-03_NLDC_PSP.xls,RENAMED,
2023-24,03.06.23_NLDC_PSP__2023_24.xls,2023-06-03_NLDC_PSP.xls,RENAMED,
2023-24,03.07.23_NLDC_PSP__2023_24.xls,2023-07-03_NLDC_PSP.xls,RENAMED,
2023-24,03.08.23_NLDC_PSP__2023_24.xls,2023-08-03_NLDC_PSP.xls,RENAMED,
2023-24,03.09.23_NLDC_PSP__2023_24.xls,2023-09-03_NLDC_PSP.xls,RENAMED,
2023-24,03.10.23_NLDC_PSP__2023_24.xls,2023-10-03_NLDC_PSP.xls,RENAMED,
2023-24,03.11.23_NLDC_PSP__2023_24.xls,2023-11-03_NLDC_PSP.xls,RENAMED,
2023-24,03.12.23_NLDC_PSP__2023_24.xls,2023-12-03_NLDC_PSP.xls,RENAMED,
2023-24,04.01.24_NLDC_PSP__2023_24.xls,2024-01-04_NLDC_PSP.xls,RENAMED,
2023-24,04.02.24_NLDC_PSP__2023_24.xls,2024-02-04_NLDC_PSP.xls,RENAMED,
2023-24,04.03.24_NLDC_PSP__2023_24.xls,2024-03-04_NLDC_PSP.xls,RENAMED,
2023-24,04.04.23_NLDC_PSP__2023_24.xls,2023-04-04_NLDC_PSP.xls,RENAMED,
2023-24,04.05.23_NLDC_PSP__2023_24.xls,2023-05-04_NLDC_PSP.xls,RENAMED,
2023-24,04.06.23_NLDC_PSP__2023_24.xls,2023-06-04_NLDC_PSP.xls,RENAMED,
2023-24,04.07.23_NLDC_PSP__2023_24.xls,2023-07-04_NLDC_PSP.xls,RENAMED,
2023-24,04.08.23_NLDC_PSP__2023_24.xls,2023-08-04_NLDC_PSP.xls,RENAMED,
2023-24,04.09.23_NLDC_PSP__2023_24.xls,2023-09-04_NLDC_PSP.xls,RENAMED,
2023-24,04.10.23_NLDC_PSP__2023_24.xls,2023-10-04_NLDC_PSP.xls,RENAMED,
2023-24,04.11.23_NLDC_PSP__2023_24.xls,2023-11-04_NLDC_PSP.xls,RENAMED,
2023-24,04.12.23_NLDC_PSP__2023_24.xls,2023-12-04_NLDC_PSP.xls,RENAMED,
2023-24,05.01.24_NLDC_PSP__2023_24.xls,2024-01-05_NLDC_PSP.xls,RENAMED,
2023-24,05.02.24_NLDC_PSP__2023_24.xls,2024-02-05_NLDC_PSP.xls,RENAMED,
2023-24,05.03.24_NLDC_PSP__2023_24.xls,2024-03-05_NLDC_PSP.xls,RENAMED,
2023-24,05.04.23_NLDC_PSP__2023_24.xls,2023-04-05_NLDC_PSP.xls,RENAMED,
2023-24,05.05.23_NLDC_PSP__2023_24.xls,2023-05-05_NLDC_PSP.xls,RENAMED,
2023-24,05.06.23_NLDC_PSP__2023_24.xls,2023-06-05_NLDC_PSP.xls,RENAMED,
2023-24,05.07.23_NLDC_PSP__2023_24.xls,2023-07-05_NLDC_PSP.xls,RENAMED,
2023-24,05.08.23_NLDC_PSP__2023_24.xls,2023-08-05_NLDC_PSP.xls,RENAMED,
2023-24,05.09.23_NLDC_PSP__2023_24.xls,2023-09-05_NLDC_PSP.xls,RENAMED,
2023-24,05.10.23_NLDC_PSP__2023_24.xls,2023-10-05_NLDC_PSP.xls,RENAMED,
2023-24,05.11.23_NLDC_PSP__2023_24.xls,2023-11-05_NLDC_PSP.xls,RENAMED,
2023-24,05.12.23_NLDC_PSP__2023_24.xls,2023-12-05_NLDC_PSP.xls,RENAMED,
2023-24,06.01.24_NLDC_PSP__2023_24.xls,2024-01-06_NLDC_PSP.xls,RENAMED,
2023-24,06.02.24_NLDC_PSP__2023_24.xls,2024-02-06_NLDC_PSP.xls,RENAMED,
2023-24,06.03.24_NLDC_PSP__2023_24.xls,2024-03-06_NLDC_PSP.xls,RENAMED,
2023-24,06.04.23_NLDC_PSP__2023_24.xls,2023-04-06_NLDC_PSP.xls,RENAMED,
2023-24,06.05.23_NLDC_PSP__2023_24.xls,2023-05-06_NLDC_PSP.xls,RENAMED,
2023-24,06.06.23_NLDC_PSP__2023_24.xls,2023-06-06_NLDC_PSP.xls,RENAMED,
2023-24,06.07.23_NLDC_PSP__2023_24.xls,2023-07-06_NLDC_PSP.xls,RENAMED,
2023-24,06.08.23_NLDC_PSP__2023_24.xls,2023-08-06_NLDC_PSP.xls,RENAMED,
2023-24,06.09.23_NLDC_PSP__2023_24.xls,2023-09-06_NLDC_PSP.xls,RENAMED,
2023-24,06.10.23_NLDC_PSP__2023_24.xls,2023-10-06_NLDC_PSP.xls,RENAMED,
2023-24,06.11.23_NLDC_PSP__2023_24.xls,2023-11-06_NLDC_PSP.xls,RENAMED,
2023-24,06.12.23_NLDC_PSP__2023_24.xls,2023-12-06_NLDC_PSP.xls,RENAMED,
2023-24,07.01.24_NLDC_PSP__2023_24.xls,2024-01-07_NLDC_PSP.xls,RENAMED,
2023-24,07.02.24_NLDC_PSP__2023_24.xls,2024-02-07_NLDC_PSP.xls,RENAMED,
2023-24,07.03.24_NLDC_PSP__2023_24.xls,2024-03-07_NLDC_PSP.xls,RENAMED,
2023-24,07.04.23_NLDC_PSP__2023_24.xls,2023-04-07_NLDC_PSP.xls,RENAMED,
2023-24,07.05.23_NLDC_PSP__2023_24.xls,2023-05-07_NLDC_PSP.xls,RENAMED,
2023-24,07.06.23_NLDC_PSP__2023_24.xls,2023-06-07_NLDC_PSP.xls,RENAMED,
2023-24,07.07.23_NLDC_PSP__2023_24.xls,2023-07-07_NLDC_PSP.xls,RENAMED,
2023-24,07.08.23_NLDC_PSP__2023_24.xls,2023-08-07_NLDC_PSP.xls,RENAMED,
2023-24,07.09.23_NLDC_PSP__2023_24.xls,2023-09-07_NLDC_PSP.xls,RENAMED,
2023-24,07.10.23_NLDC_PSP__2023_24.xls,2023-10-07_NLDC_PSP.xls,RENAMED,
2023-24,07.11.23_NLDC_PSP__2023_24.xls,2023-11-07_NLDC_PSP.xls,RENAMED,
2023-24,07.12.23_NLDC_PSP__2023_24.xls,2023-12-07_NLDC_PSP.xls,RENAMED,
2023-24,08.01.24_NLDC_PSP__2023_24.xls,2024-01-08_NLDC_PSP.xls,RENAMED,
2023-24,08.02.24_NLDC_PSP__2023_24.xls,2024-02-08_NLDC_PSP.xls,RENAMED,
2023-24,08.03.24_NLDC_PSP__2023_24.xls,2024-03-08_NLDC_PSP.xls,RENAMED,
2023-24,08.04.23_NLDC_PSP__2023_24.xls,2023-04-08_NLDC_PSP.xls,RENAMED,
2023-24,08.05.23_NLDC_PSP__2023_24.xls,2023-05-08_NLDC_PSP.xls,RENAMED,
2023-24,08.06.23_NLDC_PSP__2023_24.xls,2023-06-08_NLDC_PSP.xls,RENAMED,
2023-24,08.07.23_NLDC_PSP__2023_24.xls,2023-07-08_NLDC_PSP.xls,RENAMED,
2023-24,08.08.23_NLDC_PSP__2023_24.xls,2023-08-08_NLDC_PSP.xls,RENAMED,
2023-24,08.09.23_NLDC_PSP__2023_24.xls,2023-09-08_NLDC_PSP.xls,RENAMED,
2023-24,08.10.23_NLDC_PSP__2023_24.xls,2023-10-08_NLDC_PSP.xls,RENAMED,
2023-24,08.11.23_NLDC_PSP__2023_24.xls,2023-11-08_NLDC_PSP.xls,RENAMED,
2023-24,08.12.23_NLDC_PSP__2023_24.xls,2023-12-08_NLDC_PSP.xls,RENAMED,
2023-24,09.01.24_NLDC_PSP__2023_24.xls,2024-01-09_NLDC_PSP.xls,RENAMED,
2023-24,09.02.24_NLDC_PSP__2023_24.xls,2024-02-09_NLDC_PSP.xls,RENAMED,
2023-24,09.03.24_NLDC_PSP__2023_24.xls,2024-03-09_NLDC_PSP.xls,RENAMED,
2023-24,09.04.23_NLDC_PSP__2023_24.xls,2023-04-09_NLDC_PSP.xls,RENAMED,
2023-24,09.05.23_NLDC_PSP__2023_24.xls,2023-05-09_NLDC_PSP.xls,RENAMED,
2023-24,09.06.23_NLDC_PSP__2023_24.xls,2023-06-09_NLDC_PSP.xls,RENAMED,
2023-24,09.07.23_NLDC_PSP__2023_24.xls,2023-07-09_NLDC_PSP.xls,RENAMED,
2023-24,09.08.23_NLDC_PSP__2023_24.xls,2023-08-09_NLDC_PSP.xls,RENAMED,
2023-24,09.09.23_NLDC_PSP__2023_24.xls,2023-09-09_NLDC_PSP.xls,RENAMED,
2023-24,09.10.23_NLDC_PSP__2023_24.xls,2023-10-09_NLDC_PSP.xls,RENAMED,
2023-24,09.11.23_NLDC_PSP__2023_24.xls,2023-11-09_NLDC_PSP.xls,RENAMED,
2023-24,09.12.23_NLDC_PSP__2023_24.xls,2023-12-09_NLDC_PSP.xls,RENAMED,
2023-24,10.01.24_NLDC_PSP__2023_24.xls,2024-01-10_NLDC_PSP.xls,RENAMED,
2023-24,10.02.24_NLDC_PSP__2023_24.xls,2024-02-10_NLDC_PSP.xls,RENAMED,
2023-24,10.03.24_NLDC_PSP__2023_24.xls,2024-03-10_NLDC_PSP.xls,RENAMED,
2023-24,10.04.23_NLDC_PSP__2023_24.xls,2023-04-10_NLDC_PSP.xls,RENAMED,
2023-24,10.05.23_NLDC_PSP__2023_24.xls,2023-05-10_NLDC_PSP.xls,RENAMED,
2023-24,10.06.23_NLDC_PSP__2023_24.xls,2023-06-10_NLDC_PSP.xls,RENAMED,
2023-24,10.07.23_NLDC_PSP__2023_24.xls,2023-07-10_NLDC_PSP.xls,RENAMED,
2023-24,10.08.23_NLDC_PSP__2023_24.xls,2023-08-10_NLDC_PSP.xls,RENAMED,
2023-24,10.09.23_NLDC_PSP__2023_24.xls,2023-09-10_NLDC_PSP.xls,RENAMED,
2023-24,10.10.23_NLDC_PSP__2023_24.xls,2023-10-10_NLDC_PSP.xls,RENAMED,
2023-24,10.11.23_NLDC_PSP__2023_24.xls,2023-11-10_NLDC_PSP.xls,RENAMED,
2023-24,10.12.23_NLDC_PSP__2023_24.xls,2023-12-10_NLDC_PSP.xls,RENAMED,
2023-24,11.01.24_NLDC_PSP__2023_24.xls,2024-01-11_NLDC_PSP.xls,RENAMED,
2023-24,11.02.24_NLDC_PSP__2023_24.xls,2024-02-11_NLDC_PSP.xls,RENAMED,
2023-24,11.03.24_NLDC_PSP__2023_24.xls,2024-03-11_NLDC_PSP.xls,RENAMED,
2023-24,11.04.23_NLDC_PSP__2023_24.xls,2023-04-11_NLDC_PSP.xls,RENAMED,
2023-24,11.05.23_NLDC_PSP__2023_24.xls,2023-05-11_NLDC_PSP.xls,RENAMED,
2023-24,11.06.23_NLDC_PSP__2023_24.xls,2023-06-11_NLDC_PSP.xls,RENAMED,
2023-24,11.07.23_NLDC_PSP__2023_24.xls,2023-07-11_NLDC_PSP.xls,RENAMED,
2023-24,11.08.23_NLDC_PSP__2023_24.xls,2023-08-11_NLDC_PSP.xls,RENAMED,
2023-24,11.09.23_NLDC_PSP__2023_24.xls,2023-09-11_NLDC_PSP.xls,RENAMED,
2023-24,11.10.23_NLDC_PSP__2023_24.xls,2023-10-11_NLDC_PSP.xls,RENAMED,
2023-24,11.11.23_NLDC_PSP__2023_24.xls,2023-11-11_NLDC_PSP.xls,RENAMED,
2023-24,11.12.23_NLDC_PSP__2023_24.xls,2023-12-11_NLDC_PSP.xls,RENAMED,
2023-24,12.01.24_NLDC_PSP__2023_24.xls,2024-01-12_NLDC_PSP.xls,RENAMED,
2023-24,12.02.24_NLDC_PSP__2023_24.xls,2024-02-12_NLDC_PSP.xls,RENAMED,
2023-24,12.03.24_NLDC_PSP__2023_24.xls,2024-03-12_NLDC_PSP.xls,RENAMED,
2023-24,12.04.23_NLDC_PSP__2023_24.xls,2023-04-12_NLDC_PSP.xls,RENAMED,
2023-24,12.05.23_NLDC_PSP__2023_24.xls,2023-05-12_NLDC_PSP.xls,RENAMED,
2023-24,12.06.23_NLDC_PSP__2023_24.xls,2023-06-12_NLDC_PSP.xls,RENAMED,
2023-24,12.07.23_NLDC_PSP__2023_24.xls,2023-07-12_NLDC_PSP.xls,RENAMED,
2023-24,12.08.23_NLDC_PSP__2023_24.xls,2023-08-12_NLDC_PSP.xls,RENAMED,
2023-24,12.09.23_NLDC_PSP__2023_24.xls,2023-09-12_NLDC_PSP.xls,RENAMED,
2023-24,12.10.23_NLDC_PSP__2023_24.xls,2023-10-12_NLDC_PSP.xls,RENAMED,
2023-24,12.11.23_NLDC_PSP__2023_24.xls,2023-11-12_NLDC_PSP.xls,RENAMED,
2023-24,12.12.23_NLDC_PSP__2023_24.xls,2023-12-12_NLDC_PSP.xls,RENAMED,
2023-24,13.01.24_NLDC_PSP__2023_24.xls,2024-01-13_NLDC_PSP.xls,RENAMED,
2023-24,13.02.24_NLDC_PSP__2023_24.xls,2024-02-13_NLDC_PSP.xls,RENAMED,
2023-24,13.03.24_NLDC_PSP__2023_24.xls,2024-03-13_NLDC_PSP.xls,RENAMED,
2023-24,13.04.23_NLDC_PSP__2023_24.xls,2023-04-13_NLDC_PSP.xls,RENAMED,
2023-24,13.05.23_NLDC_PSP__2023_24.xls,2023-05-13_NLDC_PSP.xls,RENAMED,
2023-24,13.06.23_NLDC_PSP__2023_24.xls,2023-06-13_NLDC_PSP.xls,RENAMED,
2023-24,13.07.23_NLDC_PSP__2023_24.xls,2023-07-13_NLDC_PSP.xls,RENAMED,
2023-24,13.08.23_NLDC_PSP__2023_24.xls,2023-08-13_NLDC_PSP.xls,RENAMED,
2023-24,13.09.23_NLDC_PSP__2023_24.xls,2023-09-13_NLDC_PSP.xls,RENAMED,
2023-24,13.10.23_NLDC_PSP__2023_24.xls,2023-10-13_NLDC_PSP.xls,RENAMED,
2023-24,13.11.23_NLDC_PSP__2023_24.xls,2023-11-13_NLDC_PSP.xls,RENAMED,
2023-24,13.12.23_NLDC_PSP__2023_24.xls,2023-12-13_NLDC_PSP.xls,RENAMED,
2023-24,14.01.24_NLDC_PSP__2023_24.xls,2024-01-14_NLDC_PSP.xls,RENAMED,
2023-24,14.02.24_NLDC_PSP__2023_24.xls,2024-02-14_NLDC_PSP.xls,RENAMED,
2023-24,14.03.24_NLDC_PSP__2023_24.xls,2024-03-14_NLDC_PSP.xls,RENAMED,
2023-24,14.04.23_NLDC_PSP__2023_24.xls,2023-04-14_NLDC_PSP.xls,RENAMED,
2023-24,14.05.23_NLDC_PSP__2023_24.xls,2023-05-14_NLDC_PSP.xls,RENAMED,
2023-24,14.06.23_NLDC_PSP__2023_24.xls,2023-06-14_NLDC_PSP.xls,RENAMED,
2023-24,14.07.23_NLDC_PSP__2023_24.xls,2023-07-14_NLDC_PSP.xls,RENAMED,
2023-24,14.08.23_NLDC_PSP__2023_24.xls,2023-08-14_NLDC_PSP.xls,RENAMED,
2023-24,14.09.23_NLDC_PSP__2023_24.xls,2023-09-14_NLDC_PSP.xls,RENAMED,
2023-24,14.10.23_NLDC_PSP__2023_24.xls,2023-10-14_NLDC_PSP.xls,RENAMED,
2023-24,14.11.23_NLDC_PSP__2023_24.xls,2023-11-14_NLDC_PSP.xls,RENAMED,
2023-24,14.12.23_NLDC_PSP__2023_24.xls,2023-12-14_NLDC_PSP.xls,RENAMED,
2023-24,15.01.24_NLDC_PSP__2023_24.xls,2024-01-15_NLDC_PSP.xls,RENAMED,
2023-24,15.02.24_NLDC_PSP__2023_24.xls,2024-02-15_NLDC_PSP.xls,RENAMED,
2023-24,15.03.24_NLDC_PSP__2023_24.xls,2024-03-15_NLDC_PSP.xls,RENAMED,
2023-24,15.04.23_NLDC_PSP__2023_24.xls,2023-04-15_NLDC_PSP.xls,RENAMED,
2023-24,15.05.23_NLDC_PSP__2023_24.xls,2023-05-15_NLDC_PSP.xls,RENAMED,
2023-24,15.06.23_NLDC_PSP__2023_24.xls,2023-06-15_NLDC_PSP.xls,RENAMED,
2023-24,15.07.23_NLDC_PSP__2023_24.xls,2023-07-15_NLDC_PSP.xls,RENAMED,
2023-24,15.08.23_NLDC_PSP__2023_24.xls,2023-08-15_NLDC_PSP.xls,RENAMED,
2023-24,15.09.23_NLDC_PSP__2023_24.xls,2023-09-15_NLDC_PSP.xls,RENAMED,
2023-24,15.10.23_NLDC_PSP__2023_24.xls,2023-10-15_NLDC_PSP.xls,RENAMED,
2023-24,15.11.23_NLDC_PSP__2023_24.xls,2023-11-15_NLDC_PSP.xls,RENAMED,
2023-24,15.12.23_NLDC_PSP__2023_24.xls,2023-12-15_NLDC_PSP.xls,RENAMED,
2023-24,16.01.24_NLDC_PSP__2023_24.xls,2024-01-16_NLDC_PSP.xls,RENAMED,
2023-24,16.02.24_NLDC_PSP__2023_24.xls,2024-02-16_NLDC_PSP.xls,RENAMED,
2023-24,16.03.24_NLDC_PSP__2023_24.xls,2024-03-16_NLDC_PSP.xls,RENAMED,
2023-24,16.04.23_NLDC_PSP__2023_24.xls,2023-04-16_NLDC_PSP.xls,RENAMED,
2023-24,16.05.23_NLDC_PSP__2023_24.xls,2023-05-16_NLDC_PSP.xls,RENAMED,
2023-24,16.06.23_NLDC_PSP__2023_24.xls,2023-06-16_NLDC_PSP.xls,RENAMED,
2023-24,16.07.23_NLDC_PSP__2023_24.xls,2023-07-16_NLDC_PSP.xls,RENAMED,
2023-24,16.08.23_NLDC_PSP__2023_24.xls,2023-08-16_NLDC_PSP.xls,RENAMED,
2023-24,16.09.23_NLDC_PSP__2023_24.xls,2023-09-16_NLDC_PSP.xls,RENAMED,
2023-24,16.10.23_NLDC_PSP__2023_24.xls,2023-10-16_NLDC_PSP.xls,RENAMED,
2023-24,16.11.23_NLDC_PSP__2023_24.xls,2023-11-16_NLDC_PSP.xls,RENAMED,
2023-24,16.12.23_NLDC_PSP__2023_24.xls,2023-12-16_NLDC_PSP.xls,RENAMED,
2023-24,17.01.24_NLDC_PSP__2023_24.xls,2024-01-17_NLDC_PSP.xls,RENAMED,
2023-24,17.02.24_NLDC_PSP__2023_24.xls,2024-02-17_NLDC_PSP.xls,RENAMED,
2023-24,17.03.24_NLDC_PSP__2023_24.xls,2024-03-17_NLDC_PSP.xls,RENAMED,
2023-24,17.04.23_NLDC_PSP__2023_24.xls,2023-04-17_NLDC_PSP.xls,RENAMED,
2023-24,17.05.23_NLDC_PSP__2023_24.xls,2023-05-17_NLDC_PSP.xls,RENAMED,
2023-24,17.06.23_NLDC_PSP__2023_24.xls,2023-06-17_NLDC_PSP.xls,RENAMED,
2023-24,17.07.23_NLDC_PSP__2023_24.xls,2023-07-17_NLDC_PSP.xls,RENAMED,
2023-24,17.08.23_NLDC_PSP__2023_24.xls,2023-08-17_NLDC_PSP.xls,RENAMED,
2023-24,17.09.23_NLDC_PSP__2023_24.xls,2023-09-17_NLDC_PSP.xls,RENAMED,
2023-24,17.10.23_NLDC_PSP__2023_24.xls,2023-10-17_NLDC_PSP.xls,RENAMED,
2023-24,17.11.23_NLDC_PSP__2023_24.xls,2023-11-17_NLDC_PSP.xls,RENAMED,
2023-24,17.12.23_NLDC_PSP__2023_24.xls,2023-12-17_NLDC_PSP.xls,RENAMED,
2023-24,18.01.24_NLDC_PSP__2023_24.xls,2024-01-18_NLDC_PSP.xls,RENAMED,
2023-24,18.02.24_NLDC_PSP__2023_24.xls,2024-02-18_NLDC_PSP.xls,RENAMED,
2023-24,18.03.24_NLDC_PSP__2023_24.xls,2024-03-18_NLDC_PSP.xls,RENAMED,
2023-24,18.04.23_NLDC_PSP__2023_24.xls,2023-04-18_NLDC_PSP.xls,RENAMED,
2023-24,18.05.23_NLDC_PSP__2023_24.xls,2023-05-18_NLDC_PSP.xls,RENAMED,
2023-24,18.06.23_NLDC_PSP__2023_24.xls,2023-06-18_NLDC_PSP.xls,RENAMED,
2023-24,18.07.23_NLDC_PSP__2023_24.xls,2023-07-18_NLDC_PSP.xls,RENAMED,
2023-24,18.08.23_NLDC_PSP__2023_24.xls,2023-08-18_NLDC_PSP.xls,RENAMED,
2023-24,18.09.23_NLDC_PSP__2023_24.xls,2023-09-18_NLDC_PSP.xls,RENAMED,
2023-24,18.10.23_NLDC_PSP__2023_24.xls,2023-10-18_NLDC_PSP.xls,RENAMED,
2023-24,18.11.23_NLDC_PSP__2023_24.xls,2023-11-18_NLDC_PSP.xls,RENAMED,
2023-24,18.12.23_NLDC_PSP__2023_24.xls,2023-12-18_NLDC_PSP.xls,RENAMED,
2023-24,19.01.24_NLDC_PSP__2023_24.xls,2024-01-19_NLDC_PSP.xls,RENAMED,
2023-24,19.02.24_NLDC_PSP__2023_24.xls,2024-02-19_NLDC_PSP.xls,RENAMED,
2023-24,19.03.24_NLDC_PSP__2023_24.xls,2024-03-19_NLDC_PSP.xls,RENAMED,
2023-24,19.04.23_NLDC_PSP__2023_24.xls,2023-04-19_NLDC_PSP.xls,RENAMED,
2023-24,19.05.23_NLDC_PSP__2023_24.xls,2023-05-19_NLDC_PSP.xls,RENAMED,
2023-24,19.06.23_NLDC_PSP__2023_24.xls,2023-06-19_NLDC_PSP.xls,RENAMED,
2023-24,19.07.23_NLDC_PSP__2023_24.xls,2023-07-19_NLDC_PSP.xls,RENAMED,
2023-24,19.08.23_NLDC_PSP__2023_24.xls,2023-08-19_NLDC_PSP.xls,RENAMED,
2023-24,19.09.23_NLDC_PSP__2023_24.xls,2023-09-19_NLDC_PSP.xls,RENAMED,
2023-24,19.10.23_NLDC_PSP__2023_24.xls,2023-10-19_NLDC_PSP.xls,RENAMED,
2023-24,19.11.23_NLDC_PSP__2023_24.xls,2023-11-19_NLDC_PSP.xls,RENAMED,
2023-24,19.12.23_NLDC_PSP__2023_24.xls,2023-12-19_NLDC_PSP.xls,RENAMED,
2023-24,20.01.24_NLDC_PSP__2023_24.xls,2024-01-20_NLDC_PSP.xls,RENAMED,
2023-24,20.02.24_NLDC_PSP__2023_24.xls,2024-02-20_NLDC_PSP.xls,RENAMED,
2023-24,20.03.24_NLDC_PSP__2023_24.xls,2024-03-20_NLDC_PSP.xls,RENAMED,
2023-24,20.04.23_NLDC_PSP__2023_24.xls,2023-04-20_NLDC_PSP.xls,RENAMED,
2023-24,20.05.23_NLDC_PSP__2023_24.xls,2023-05-20_NLDC_PSP.xls,RENAMED,
2023-24,20.06.23_NLDC_PSP__2023_24.xls,2023-06-20_NLDC_PSP.xls,RENAMED,
2023-24,20.07.23_NLDC_PSP__2023_24.xls,2023-07-20_NLDC_PSP.xls,RENAMED,
2023-24,20.08.23_NLDC_PSP__2023_24.xls,2023-08-20_NLDC_PSP.xls,RENAMED,
2023-24,20.09.23_NLDC_PSP__2023_24.xls,2023-09-20_NLDC_PSP.xls,RENAMED,
2023-24,20.10.23_NLDC_PSP__2023_24.xls,2023-10-20_NLDC_PSP.xls,RENAMED,
2023-24,20.11.23_NLDC_PSP__2023_24.xls,2023-11-20_NLDC_PSP.xls,RENAMED,
2023-24,20.12.23_NLDC_PSP__2023_24.xls,2023-12-20_NLDC_PSP.xls,RENAMED,
2023-24,21.01.24_NLDC_PSP__2023_24.xls,2024-01-21_NLDC_PSP.xls,RENAMED,
2023-24,21.02.24_NLDC_PSP__2023_24.xls,2024-02-21_NLDC_PSP.xls,RENAMED,
2023-24,21.03.24_NLDC_PSP__2023_24.xls,2024-03-21_NLDC_PSP.xls,RENAMED,
2023-24,21.04.23_NLDC_PSP__2023_24.xls,2023-04-21_NLDC_PSP.xls,RENAMED,
2023-24,21.05.23_NLDC_PSP__2023_24.xls,2023-05-21_NLDC_PSP.xls,RENAMED,
2023-24,21.06.23_NLDC_PSP__2023_24.xls,2023-06-21_NLDC_PSP.xls,RENAMED,
2023-24,21.07.23_NLDC_PSP__2023_24.xls,2023-07-21_NLDC_PSP.xls,RENAMED,
2023-24,21.08.23_NLDC_PSP__2023_24.xls,2023-08-21_NLDC_PSP.xls,RENAMED,
2023-24,21.09.23_NLDC_PSP__2023_24.xls,2023-09-21_NLDC_PSP.xls,RENAMED,
2023-24,21.10.23_NLDC_PSP__2023_24.xls,2023-10-21_NLDC_PSP.xls,RENAMED,
2023-24,21.11.23_NLDC_PSP__2023_24.xls,2023-11-21_NLDC_PSP.xls,RENAMED,
2023-24,21.12.23_NLDC_PSP__2023_24.xls,2023-12-21_NLDC_PSP.xls,RENAMED,
2023-24,22.01.24_NLDC_PSP__2023_24.xls,2024-01-22_NLDC_PSP.xls,RENAMED,
2023-24,22.02.24_NLDC_PSP__2023_24.xls,2024-02-22_NLDC_PSP.xls,RENAMED,
2023-24,22.03.24_NLDC_PSP__2023_24.xls,2024-03-22_NLDC_PSP.xls,RENAMED,
2023-24,22.04.23_NLDC_PSP__2023_24.xls,2023-04-22_NLDC_PSP.xls,RENAMED,
2023-24,22.05.23_NLDC_PSP__2023_24.xls,2023-05-22_NLDC_PSP.xls,RENAMED,
2023-24,22.06.23_NLDC_PSP__2023_24.xls,2023-06-22_NLDC_PSP.xls,RENAMED,
2023-24,22.07.23_NLDC_PSP__2023_24.xls,2023-07-22_NLDC_PSP.xls,RENAMED,
2023-24,22.08.23_NLDC_PSP__2023_24.xls,2023-08-22_NLDC_PSP.xls,RENAMED,
2023-24,22.09.23_NLDC_PSP__2023_24.xls,2023-09-22_NLDC_PSP.xls,RENAMED,
2023-24,22.10.23_NLDC_PSP__2023_24.xls,2023-10-22_NLDC_PSP.xls,RENAMED,
2023-24,22.11.23_NLDC_PSP__2023_24.xls,2023-11-22_NLDC_PSP.xls,RENAMED,
2023-24,22.12.23_NLDC_PSP__2023_24.xls,2023-12-22_NLDC_PSP.xls,RENAMED,
2023-24,23.01.24_NLDC_PSP__2023_24.xls,2024-01-23_NLDC_PSP.xls,RENAMED,
2023-24,23.02.24_NLDC_PSP__2023_24.xls,2024-02-23_NLDC_PSP.xls,RENAMED,
2023-24,23.03.24_NLDC_PSP__2023_24.xls,2024-03-23_NLDC_PSP.xls,RENAMED,
2023-24,23.04.23_NLDC_PSP__2023_24.xls,2023-04-23_NLDC_PSP.xls,RENAMED,
2023-24,23.05.23_NLDC_PSP__2023_24.xls,2023-05-23_NLDC_PSP.xls,RENAMED,
2023-24,23.06.23_NLDC_PSP__2023_24.xls,2023-06-23_NLDC_PSP.xls,RENAMED,
2023-24,23.07.23_NLDC_PSP__2023_24.xls,2023-07-23_NLDC_PSP.xls,RENAMED,
2023-24,23.08.23_NLDC_PSP__2023_24.xls,2023-08-23_NLDC_PSP.xls,RENAMED,
2023-24,23.09.23_NLDC_PSP__2023_24.xls,2023-09-23_NLDC_PSP.xls,RENAMED,
2023-24,23.10.23_NLDC_PSP__2023_24.xls,2023-10-23_NLDC_PSP.xls,RENAMED,
2023-24,23.11.23_NLDC_PSP__2023_24.xls,2023-11-23_NLDC_PSP.xls,RENAMED,
2023-24,23.12.23_NLDC_PSP__2023_24.xls,2023-12-23_NLDC_PSP.xls,RENAMED,
2023-24,24.01.24_NLDC_PSP__2023_24.xls,2024-01-24_NLDC_PSP.xls,RENAMED,
2023-24,24.02.24_NLDC_PSP__2023_24.xls,2024-02-24_NLDC_PSP.xls,RENAMED,
2023-24,24.03.24_NLDC_PSP__2023_24.xls,2024-03-24_NLDC_PSP.xls,RENAMED,
2023-24,24.04.23_NLDC_PSP__2023_24.xls,2023-04-24_NLDC_PSP.xls,RENAMED,
2023-24,24.05.23_NLDC_PSP__2023_24.xls,2023-05-24_NLDC_PSP.xls,RENAMED,
2023-24,24.06.23_NLDC_PSP__2023_24.xls,2023-06-24_NLDC_PSP.xls,RENAMED,
2023-24,24.07.23_NLDC_PSP__2023_24.xls,2023-07-24_NLDC_PSP.xls,RENAMED,
2023-24,24.08.23_NLDC_PSP__2023_24.xls,2023-08-24_NLDC_PSP.xls,RENAMED,
2023-24,24.09.23_NLDC_PSP__2023_24.xls,2023-09-24_NLDC_PSP.xls,RENAMED,
2023-24,24.10.23_NLDC_PSP__2023_24.xls,2023-10-24_NLDC_PSP.xls,RENAMED,
2023-24,24.11.23_NLDC_PSP__2023_24.xls,2023-11-24_NLDC_PSP.xls,RENAMED,
2023-24,24.12.23_NLDC_PSP__2023_24.xls,2023-12-24_NLDC_PSP.xls,RENAMED,
2023-24,25.01.24_NLDC_PSP__2023_24.xls,2024-01-25_NLDC_PSP.xls,RENAMED,
2023-24,25.02.24_NLDC_PSP__2023_24.xls,2024-02-25_NLDC_PSP.xls,RENAMED,
2023-24,25.03.24_NLDC_PSP__2023_24.xls,2024-03-25_NLDC_PSP.xls,RENAMED,
2023-24,25.04.23_NLDC_PSP__2023_24.xls,2023-04-25_NLDC_PSP.xls,RENAMED,
2023-24,25.05.23_NLDC_PSP__2023_24.xls,2023-05-25_NLDC_PSP.xls,RENAMED,
2023-24,25.06.23_NLDC_PSP__2023_24.xls,2023-06-25_NLDC_PSP.xls,RENAMED,
2023-24,25.07.23_NLDC_PSP__2023_24.xls,2023-07-25_NLDC_PSP.xls,RENAMED,
2023-24,25.08.23_NLDC_PSP__2023_24.xls,2023-08-25_NLDC_PSP.xls,RENAMED,
2023-24,25.09.23_NLDC_PSP__2023_24.xls,2023-09-25_NLDC_PSP.xls,RENAMED,
2023-24,25.10.23_NLDC_PSP__2023_24.xls,2023-10-25_NLDC_PSP.xls,RENAMED,
2023-24,25.11.23_NLDC_PSP__2023_24.xls,2023-11-25_NLDC_PSP.xls,RENAMED,
2023-24,25.12.23_NLDC_PSP__2023_24.xls,2023-12-25_NLDC_PSP.xls,RENAMED,
2023-24,26.01.24_NLDC_PSP__2023_24.xls,2024-01-26_NLDC_PSP.xls,RENAMED,
2023-24,26.02.24_NLDC_PSP__2023_24.xls,2024-02-26_NLDC_PSP.xls,RENAMED,
2023-24,26.03.24_NLDC_PSP__2023_24.xls,2024-03-26_NLDC_PSP.xls,RENAMED,
2023-24,26.04.23_NLDC_PSP__2023_24.xls,2023-04-26_NLDC_PSP.xls,RENAMED,
2023-24,26.05.23_NLDC_PSP__2023_24.xls,2023-05-26_NLDC_PSP.xls,RENAMED,
2023-24,26.06.23_NLDC_PSP__2023_24.xls,2023-06-26_NLDC_PSP.xls,RENAMED,
2023-24,26.07.23_NLDC_PSP__2023_24.xls,2023-07-26_NLDC_PSP.xls,RENAMED,
2023-24,26.08.23_NLDC_PSP__2023_24.xls,2023-08-26_NLDC_PSP.xls,RENAMED,
2023-24,26.09.23_NLDC_PSP__2023_24.xls,2023-09-26_NLDC_PSP.xls,RENAMED,
2023-24,26.10.23_NLDC_PSP__2023_24.xls,2023-10-26_NLDC_PSP.xls,RENAMED,
2023-24,26.11.23_NLDC_PSP__2023_24.xls,2023-11-26_NLDC_PSP.xls,RENAMED,
2023-24,26.12.23_NLDC_PSP__2023_24.xls,2023-12-26_NLDC_PSP.xls,RENAMED,
2023-24,27.01.24_NLDC_PSP__2023_24.xls,2024-01-27_NLDC_PSP.xls,RENAMED,
2023-24,27.02.24_NLDC_PSP__2023_24.xls,2024-02-27_NLDC_PSP.xls,RENAMED,
2023-24,27.03.24_NLDC_PSP__2023_24.xls,2024-03-27_NLDC_PSP.xls,RENAMED,
2023-24,27.04.23_NLDC_PSP__2023_24.xls,2023-04-27_NLDC_PSP.xls,RENAMED,
2023-24,27.05.23_NLDC_PSP__2023_24.xls,2023-05-27_NLDC_PSP.xls,RENAMED,
2023-24,27.06.23_NLDC_PSP__2023_24.xls,2023-06-27_NLDC_PSP.xls,RENAMED,
2023-24,27.07.23_NLDC_PSP__2023_24.xls,2023-07-27_NLDC_PSP.xls,RENAMED,
2023-24,27.08.23_NLDC_PSP__2023_24.xls,2023-08-27_NLDC_PSP.xls,RENAMED,
2023-24,27.09.23_NLDC_PSP__2023_24.xls,2023-09-27_NLDC_PSP.xls,RENAMED,
2023-24,27.10.23_NLDC_PSP__2023_24.xls,2023-10-27_NLDC_PSP.xls,RENAMED,
2023-24,27.11.23_NLDC_PSP__2023_24.xls,2023-11-27_NLDC_PSP.xls,RENAMED,
2023-24,27.12.23_NLDC_PSP__2023_24.xls,2023-12-27_NLDC_PSP.xls,RENAMED,
2023-24,28.01.24_NLDC_PSP__2023_24.xls,2024-01-28_NLDC_PSP.xls,RENAMED,
2023-24,28.02.24_NLDC_PSP__2023_24.xls,2024-02-28_NLDC_PSP.xls,RENAMED,
2023-24,28.03.24_NLDC_PSP__2023_24.xls,2024-03-28_NLDC_PSP.xls,RENAMED,
2023-24,28.04.23_NLDC_PSP__2023_24.xls,2023-04-28_NLDC_PSP.xls,RENAMED,
2023-24,28.05.23_NLDC_PSP__2023_24.xls,2023-05-28_NLDC_PSP.xls,RENAMED,
2023-24,28.06.23_NLDC_PSP__2023_24.xls,2023-06-28_NLDC_PSP.xls,RENAMED,
2023-24,28.07.23_NLDC_PSP__2023_24.xls,2023-07-28_NLDC_PSP.xls,RENAMED,
2023-24,28.08.23_NLDC_PSP__2023_24.xls,2023-08-28_NLDC_PSP.xls,RENAMED,
2023-24,28.09.23_NLDC_PSP__2023_24.xls,2023-09-28_NLDC_PSP.xls,RENAMED,
2023-24,28.10.23_NLDC_PSP__2023_24.xls,2023-10-28_NLDC_PSP.xls,RENAMED,
2023-24,28.11.23_NLDC_PSP__2023_24.xls,2023-11-28_NLDC_PSP.xls,RENAMED,
2023-24,28.12.23_NLDC_PSP__2023_24.xls,2023-12-28_NLDC_PSP.xls,RENAMED,
2023-24,29.01.24_NLDC_PSP__2023_24.xls,2024-01-29_NLDC_PSP.xls,RENAMED,
2023-24,29.02.24_NLDC_PSP__2023_24.xls,2024-02-29_NLDC_PSP.xls,RENAMED,
2023-24,29.03.24_NLDC_PSP__2023_24.xls,2024-03-29_NLDC_PSP.xls,RENAMED,
2023-24,29.04.23_NLDC_PSP__2023_24.xls,2023-04-29_NLDC_PSP.xls,RENAMED,
2023-24,29.05.23_NLDC_PSP__2023_24.xls,2023-05-29_NLDC_PSP.xls,RENAMED,
2023-24,29.06.23_NLDC_PSP__2023_24.xls,2023-06-29_NLDC_PSP.xls,RENAMED,
2023-24,29.07.23_NLDC_PSP__2023_24.xls,2023-07-29_NLDC_PSP.xls,RENAMED,
2023-24,29.08.23_NLDC_PSP__2023_24.xls,2023-08-29_NLDC_PSP.xls,RENAMED,
2023-24,29.09.23_NLDC_PSP__2023_24.xls,2023-09-29_NLDC_PSP.xls,RENAMED,
2023-24,29.10.23_NLDC_PSP__2023_24.xls,2023-10-29_NLDC_PSP.xls,RENAMED,
2023-24,29.11.23_NLDC_PSP__2023_24.xls,2023-11-29_NLDC_PSP.xls,RENAMED,
2023-24,29.12.23_NLDC_PSP__2023_24.xls,2023-12-29_NLDC_PSP.xls,RENAMED,
2023-24,30.01.24_NLDC_PSP__2023_24.xls,2024-01-30_NLDC_PSP.xls,RENAMED,
2023-24,30.03.24_NLDC_PSP__2023_24.xls,2024-03-30_NLDC_PSP.xls,RENAMED,
2023-24,30.04.23_NLDC_PSP__2023_24.xls,2023-04-30_NLDC_PSP.xls,RENAMED,
2023-24,30.05.23_NLDC_PSP__2023_24.xls,2023-05-30_NLDC_PSP.xls,RENAMED,
2023-24,30.06.23_NLDC_PSP__2023_24.xls,2023-06-30_NLDC_PSP.xls,RENAMED,
2023-24,30.07.23_NLDC_PSP__2023_24.xls,2023-07-30_NLDC_PSP.xls,RENAMED,
2023-24,30.08.23_NLDC_PSP__2023_24.xls,2023-08-30_NLDC_PSP.xls,RENAMED,
2023-24,30.09.23_NLDC_PSP__2023_24.xls,2023-09-30_NLDC_PSP.xls,RENAMED,
2023-24,30.10.23_NLDC_PSP__2023_24.xls,2023-10-30_NLDC_PSP.xls,RENAMED,
2023-24,30.11.23_NLDC_PSP__2023_24.xls,2023-11-30_NLDC_PSP.xls,RENAMED,
2023-24,30.12.23_NLDC_PSP__2023_24.xls,2023-12-30_NLDC_PSP.xls,RENAMED,
2023-24,31.01.24_NLDC_PSP__2023_24.xls,2024-01-31_NLDC_PSP.xls,RENAMED,
2023-24,31.03.24_NLDC_PSP__2023_24.xls,2024-03-31_NLDC_PSP.xls,RENAMED,
2023-24,31.05.23_NLDC_PSP__2023_24.xls,2023-05-31_NLDC_PSP.xls,RENAMED,
2023-24,31.07.23_NLDC_PSP__2023_24.xls,2023-07-31_NLDC_PSP.xls,RENAMED,
2023-24,31.08.23_NLDC_PSP__2023_24.xls,2023-08-31_NLDC_PSP.xls,RENAMED,
2023-24,31.10.23_NLDC_PSP__2023_24.xls,2023-10-31_NLDC_PSP.xls,RENAMED,
2023-24,31.12.23_NLDC_PSP__2023_24.xls,2023-12-31_NLDC_PSP.xls,RENAMED,
